type,brand,model,cores,base_clock,boost_clock,tdp,integrated_graphics,multithreading,price,cpu_socket,cpu_socket_source
CPU,AMD,2650,2,1450000000,,25,Radeon HD 8240,False,59.61,,missing_model
CPU,AMD,3850,4,1300000000,,25,Radeon HD 8280,False,79.59,,missing_model
CPU,AMD,5150,4,1600000000,,25,Radeon HD 8400,False,0.0,,missing_model
CPU,AMD,5350,4,2049999999,,25,Radeon HD 8400,False,104.94,,missing_model
CPU,AMD,5350,4,2049999999,,25,Radeon HD 8400,False,0.0,,missing_model
CPU,AMD,A10-5700,4,3400000000,,65,Radeon HD 7660D,False,0.0,,wikidata_no_qid
CPU,AMD,A10-5800K,4,3800000000,,100,Radeon HD 7660D,False,0.0,,wikidata_no_qid
CPU,AMD,A10-6700,4,3700000000,,65,Radeon HD 8670D,False,0.0,,wikidata_no_qid
CPU,AMD,A10-6700T,4,2500000000,3500000000.0,45,Radeon HD 8650D,False,0.0,,wikidata_no_qid
CPU,AMD,A10-6790B,4,4000000000,,100,Radeon HD 8670D,False,0.0,,wikidata_no_qid
CPU,AMD,A10-6790K,4,4000000000,4300000000.0,100,Radeon HD 8670D,False,0.0,,wikidata_no_qid
CPU,AMD,A10-6800B,4,4099999999,4400000000.0,100,Radeon HD 8670D,False,0.0,,wikidata_no_qid
CPU,AMD,A10-6800K,4,4099999999,,100,Radeon HD 8670D,False,0.0,,wikidata_no_qid
CPU,AMD,A10-7700K,4,3400000000,3800000000.0,95,Radeon R7 (on-die),False,547.8,,wikidata_no_qid
CPU,AMD,A10-7700K,4,3400000000,3800000000.0,95,Radeon R7 (on-die),False,0.0,,wikidata_no_qid
CPU,AMD,A10-7800,4,3500000000,3900000000.0,65,Radeon R7 (on-die),False,0.0,,wikidata_no_qid
CPU,AMD,A10-7850K,4,3700000000,4000000000.0,95,Radeon R7 (on-die),False,273.83,,wikidata_no_qid
CPU,AMD,A10-7850K,4,3700000000,4000000000.0,95,Radeon R7 (on-die),False,0.0,,wikidata_no_qid
CPU,AMD,A10-7860k,4,3600000000,4000000000.0,65,Radeon R7 (on-die),False,0.0,,wikidata_no_qid
CPU,AMD,A10-7870K,4,3900000000,4099999999.0,95,Radeon R7 (on-die),False,0.0,,wikidata_no_qid
CPU,AMD,A10-7890K,4,4099999999,4300000000.0,95,Radeon R7 (on-die),False,0.0,,wikidata_no_qid
CPU,AMD,A10-9700,4,3500000000,3800000000.0,65,Radeon R7 (on-die),False,242.87,,wikidata_no_qid
CPU,AMD,A10-9700E,4,3000000000,3500000000.0,35,Radeon R7 (on-die),False,292.98,,wikidata_no_qid
CPU,AMD,A12-9800,4,3800000000,4200000000.0,65,Radeon R7 (on-die),False,0.0,,wikidata_no_qid
CPU,AMD,A12-9800E,4,3100000000,3800000000.0,35,Radeon R7 (on-die),False,177.45,,wikidata_no_qid
CPU,AMD,A4-3300,2,2500000000,,65,Radeon HD 6410D,False,0.0,,wikidata_no_qid
CPU,AMD,A4-3300,2,2500000000,,65,Radeon HD 6410D,False,85.0,,wikidata_no_qid
CPU,AMD,A4-3400,2,2700000000,,65,Radeon HD 6410D,False,149.94,,wikidata_no_qid
CPU,AMD,A4-3400,2,2700000000,,65,Radeon HD 6410D,False,0.0,,wikidata_no_qid
CPU,AMD,A4-3420,2,2800000000,,65,Radeon HD 6410D,False,0.0,,wikidata_no_qid
CPU,AMD,A4-3450,2,2900000000,,65,,False,0.0,,wikidata_no_qid
CPU,AMD,A4-4000,2,3000000000,,65,Radeon HD 7480D,False,0.0,,wikidata_no_qid
CPU,AMD,A4-4000,2,3000000000,,65,Radeon HD 7480D,False,139.84,,wikidata_no_qid
CPU,AMD,A4-4020,2,3200000000,3400000000.0,65,Radeon HD 7480D,False,0.0,,wikidata_no_qid
CPU,AMD,A4-5300,2,3400000000,,65,Radeon HD 7480D,False,0.0,,wikidata_no_qid
CPU,AMD,A4-5300,2,3400000000,,65,Radeon HD 7480D,False,93.74,,wikidata_no_qid
CPU,AMD,A4-6300,2,3700000000,3900000000.0,65,Radeon HD 8370D,False,0.0,,wikidata_no_qid
CPU,AMD,A4-6300B,2,3700000000,3900000000.0,65,Radeon HD 8370D,False,0.0,,wikidata_no_qid
CPU,AMD,A4-6320,2,3800000000,4000000000.0,65,Radeon HD 8370D,False,0.0,,wikidata_no_qid
CPU,AMD,A4-7300,2,3800000000,4000000000.0,65,Radeon HD 8470D,False,135.0,,wikidata_no_qid
CPU,AMD,A6-3500,3,2100000000,,65,Radeon HD 6530D,False,0.0,,wikidata_no_qid
CPU,AMD,A6-3650,4,2600000000,,100,Radeon HD 6530D,False,0.0,,wikidata_no_qid
CPU,AMD,A6-3670K,4,2700000000,,100,Radeon HD 6530D,False,0.0,,wikidata_no_qid
CPU,AMD,A6-5400K,2,3600000000,,65,Radeon HD 7540D,False,124.74,,wikidata_no_qid
CPU,AMD,A6-6400K,2,3900000000,,65,Radeon HD 8470D,False,0.0,,wikidata_no_qid
CPU,AMD,A6-6420K,2,4000000000,4200000000.0,65,Radeon HD 8000 Series,False,0.0,,wikidata_no_qid
CPU,AMD,A6-7400K,2,3500000000,3900000000.0,65,Radeon R5 (on die),False,0.0,,wikidata_no_qid
CPU,AMD,A6-7470K,2,3700000000,4000000000.0,65,Radeon R5 (on die),False,0.0,,wikidata_no_qid
CPU,AMD,A6-7470K,2,3700000000,4000000000.0,65,Radeon R5 (on die),False,105.27,,wikidata_no_qid
CPU,AMD,A6-7480,2,3500000000,3800000000.0,65,Radeon R5 (on die),False,144.0,,wikidata_no_qid
CPU,AMD,A6-9500,2,3500000000,3800000000.0,65,Radeon R5 (on die),False,161.0,,wikidata_no_qid
CPU,AMD,A6-9500E,2,3000000000,3400000000.0,35,Radeon R5 (on die),False,196.87,,wikidata_no_qid
CPU,AMD,A6-9550,2,3800000000,4000000000.0,65,Radeon R5 (on die),False,0.0,,wikidata_no_qid
CPU,AMD,A8-3850,4,2900000000,,100,Radeon HD 6550D,False,0.0,,wikidata_no_qid
CPU,AMD,A8-3870K,4,3000000000,,100,Radeon HD 6550D,False,0.0,,wikidata_no_qid
CPU,AMD,A8-5500,4,3200000000,,65,Radeon HD 7560D,False,0.0,,wikidata_no_qid
CPU,AMD,A8-5600K,4,3600000000,,100,Radeon HD 7560D,False,0.0,,wikidata_no_qid
CPU,AMD,A8-6500,4,3500000000,,65,Radeon HD 8570D,False,311.66,,wikidata_no_qid
CPU,AMD,A8-6600K,4,3900000000,,100,Radeon HD 8570D,False,0.0,,wikidata_no_qid
CPU,AMD,A8-7600,4,3100000000,3800000000.0,65,Radeon R7 (on-die),False,0.0,,wikidata_no_qid
CPU,AMD,A8-7650K,4,3300000000,3700000000.0,95,Radeon R7 (on-die),False,0.0,,wikidata_no_qid
CPU,AMD,A8-7670K,4,3600000000,3900000000.0,95,Radeon R7 (on-die),False,0.0,,wikidata_no_qid
CPU,AMD,A8-7680,4,3500000000,3800000000.0,65,Radeon R7 (on-die),False,0.0,,wikidata_no_qid
CPU,AMD,A8-9600,4,3100000000,3400000000.0,65,Radeon R7 (on-die),False,213.74,,wikidata_no_qid
CPU,AMD,Athlon 200GE,2,3200000000,,35,Radeon Vega 3,True,0.0,,wikidata_no_qid
CPU,AMD,Athlon 200GE,2,3200000000,,35,Radeon Vega 3,True,110.89,,wikidata_no_qid
CPU,AMD,Athlon 220GE,2,3400000000,,35,Radeon Vega 3,True,0.0,,wikidata_no_qid
CPU,AMD,Athlon 220GE,2,3400000000,,35,Radeon Vega 3,True,113.58,,wikidata_no_qid
CPU,AMD,Athlon 240GE,2,3500000000,,35,Radeon Vega 3,True,113.58,,wikidata_no_qid
CPU,AMD,Athlon 240GE,2,3500000000,,35,Radeon Vega 3,True,0.0,,wikidata_no_qid
CPU,AMD,Athlon 3000G,2,3500000000,,35,Radeon Vega 3,True,0.0,,wikidata_no_qid
CPU,AMD,Athlon 5370,4,2200000000,,25,Radeon R3 (on die),False,0.0,,wikidata_no_qid
CPU,AMD,Athlon II 160u,1,1800000000,,20,,False,0.0,,wikidata_no_qid
CPU,AMD,Athlon II X2 215,2,2700000000,,65,,False,0.0,,wikidata_no_qid
CPU,AMD,Athlon II X2 220,2,2800000000,,65,,False,26.73,,wikidata_no_qid
CPU,AMD,Athlon II X2 221,2,2800000000,,65,,False,0.0,,wikidata_no_qid
CPU,AMD,Athlon II X2 235e,2,2700000000,,45,,False,0.0,,wikidata_no_qid
CPU,AMD,Athlon II X2 240,2,2800000000,,65,,False,0.0,,wikidata_no_qid
CPU,AMD,Athlon II X2 240,2,2800000000,,65,,False,29.48,,wikidata_no_qid
CPU,AMD,Athlon II X2 240e,2,2800000000,,45,,False,0.0,,wikidata_no_qid
CPU,AMD,Athlon II X2 245,2,2900000000,,65,,False,0.0,,wikidata_no_qid
CPU,AMD,Athlon II X2 245e,2,2900000000,,45,,False,0.0,,wikidata_no_qid
CPU,AMD,Athlon II X2 250,2,3000000000,,65,,False,184.71,,wikidata_no_qid
CPU,AMD,Athlon II X2 250,2,3000000000,,65,,False,0.0,,wikidata_no_qid
CPU,AMD,Athlon II X2 250u,2,1600000000,,25,,False,0.0,,wikidata_no_qid
CPU,AMD,Athlon II X2 255,2,3100000000,,65,,False,0.0,,wikidata_no_qid
CPU,AMD,Athlon II X2 255,2,3100000000,,65,,False,130.32,,wikidata_no_qid
CPU,AMD,Athlon II X2 260,2,3200000000,,65,,False,0.0,,wikidata_no_qid
CPU,AMD,Athlon II X2 260u,2,1800000000,,25,,False,0.0,,wikidata_no_qid
CPU,AMD,Athlon II X2 265,2,3200000000,,65,,False,0.0,,wikidata_no_qid
CPU,AMD,Athlon II X2 270,2,3400000000,,65,,False,0.0,,wikidata_no_qid
CPU,AMD,Athlon II X3 400e,3,2200000000,,45,,False,0.0,,wikidata_no_qid
CPU,AMD,Athlon II X3 405e,3,2300000000,,45,,False,0.0,,wikidata_no_qid
CPU,AMD,Athlon II X3 415e,3,2500000000,,45,,False,0.0,,wikidata_no_qid
CPU,AMD,Athlon II X3 425,3,2700000000,,95,,False,0.0,,wikidata_no_qid
CPU,AMD,Athlon II X3 435,3,2900000000,,95,,False,159.94,,wikidata_no_qid
CPU,AMD,Athlon II X3 435,3,2900000000,,95,,False,0.0,,wikidata_no_qid
CPU,AMD,Athlon II X3 440,3,3000000000,,95,,False,0.0,,wikidata_no_qid
CPU,AMD,Athlon II X3 445,3,3100000000,,95,,False,0.0,,wikidata_no_qid
CPU,AMD,Athlon II X3 450,3,3200000000,,95,,False,0.0,,wikidata_no_qid
CPU,AMD,Athlon II X3 455,3,3300000000,,95,,False,0.0,,wikidata_no_qid
CPU,AMD,Athlon II X3 460,3,3400000000,,95,,False,0.0,,wikidata_no_qid
CPU,AMD,Athlon II X4 600e,4,2200000000,,45,,False,0.0,,wikidata_no_qid
CPU,AMD,Athlon II X4 605e,4,2300000000,,45,,False,0.0,,wikidata_no_qid
CPU,AMD,Athlon II X4 610e,4,2400000000,,45,,False,0.0,,wikidata_no_qid
CPU,AMD,Athlon II X4 620,4,2600000000,,95,,False,203.38,,wikidata_no_qid
CPU,AMD,Athlon II X4 620,4,2600000000,,95,,False,59.49,,wikidata_no_qid
CPU,AMD,Athlon II X4 630,4,2800000000,,95,,False,91.4,,wikidata_no_qid
CPU,AMD,Athlon II X4 630,4,2800000000,,95,,False,52.6,,wikidata_no_qid
CPU,AMD,Athlon II X4 630,4,2800000000,,95,,False,0.0,,wikidata_no_qid
CPU,AMD,Athlon II X4 631,4,2600000000,,100,,False,0.0,,wikidata_no_qid
CPU,AMD,Athlon II X4 635,4,2900000000,,95,,False,65.07,,wikidata_no_qid
CPU,AMD,Athlon II X4 635,4,2900000000,,95,,False,0.0,,wikidata_no_qid
CPU,AMD,Athlon II X4 638,4,2700000000,,65,,False,0.0,,wikidata_no_qid
CPU,AMD,Athlon II X4 640,4,3000000000,,95,,False,64.02,,wikidata_no_qid
CPU,AMD,Athlon II X4 640,4,3000000000,,95,,False,0.0,,wikidata_no_qid
CPU,AMD,Athlon II X4 641,4,2800000000,,100,,False,0.0,,wikidata_no_qid
CPU,AMD,Athlon II X4 645,4,3100000000,,95,,False,0.0,,wikidata_no_qid
CPU,AMD,Athlon II X4 651,4,3000000000,,100,,False,0.0,,wikidata_no_qid
CPU,AMD,Athlon II X4 651K,4,3000000000,,100,,False,0.0,,wikidata_no_qid
CPU,AMD,Athlon X2 340,2,3200000000,,65,,False,0.0,,wikidata_no_qid
CPU,AMD,Athlon X2 350,2,3500000000,3900000000.0,65,,False,0.0,,wikidata_no_qid
CPU,AMD,Athlon X2 370K,2,4200000000,,65,,False,0.0,,wikidata_no_qid
CPU,AMD,Athlon X2 450,2,3500000000,3900000000.0,65,,False,0.0,,wikidata_no_qid
CPU,AMD,Athlon X4 530,4,2000000000,,25,,False,0.0,,wikidata_no_qid
CPU,AMD,Athlon X4 550,4,2200000000,,25,,False,0.0,,wikidata_no_qid
CPU,AMD,Athlon X4 740,4,3200000000,,65,,False,0.0,,wikidata_no_qid
CPU,AMD,Athlon X4 750K,4,3400000000,,100,,False,0.0,,wikidata_no_qid
CPU,AMD,Athlon X4 760K,4,3800000000,4099999999.0,100,,False,0.0,,wikidata_no_qid
CPU,AMD,Athlon X4 840,4,3100000000,3800000000.0,65,,False,0.0,,wikidata_no_qid
CPU,AMD,Athlon X4 845,4,3500000000,3800000000.0,65,,False,0.0,,wikidata_no_qid
CPU,AMD,Athlon X4 860K,4,3700000000,4000000000.0,95,,False,0.0,,wikidata_no_qid
CPU,AMD,Athlon X4 870K,4,3900000000,4099999999.0,95,,False,0.0,,wikidata_no_qid
CPU,AMD,Athlon X4 880K,4,4000000000,4200000000.0,95,,False,0.0,,wikidata_no_qid
CPU,AMD,Athlon X4 940,4,3200000000,3600000000.0,65,,False,0.0,,wikidata_no_qid
CPU,AMD,Athlon X4 950,4,3500000000,3800000000.0,65,,False,145.0,,wikidata_no_qid
CPU,AMD,Athlon X4 970,4,3800000000,4000000000.0,65,,False,0.0,,wikidata_no_qid
CPU,AMD,E-Series E-450,2,1650000000,,18,,False,0.0,,wikidata_no_qid
CPU,AMD,E2-3200,2,2400000000,,65,Radeon HD 6370D,False,0.0,,wikidata_no_qid
CPU,AMD,FX-4100,4,3600000000,,95,,False,0.0,,wikidata_no_qid
CPU,AMD,FX-4130,4,3800000000,,125,,False,0.0,,wikidata_no_qid
CPU,AMD,FX-4150,4,4000000000,4099999999.0,125,,False,0.0,,wikidata_no_qid
CPU,AMD,FX-4170,4,4200000000,,125,,False,0.0,,wikidata_no_qid
CPU,AMD,FX-4200,4,3300000000,,125,,False,0.0,,wikidata_no_qid
CPU,AMD,FX-4300,4,3800000000,,95,,False,0.0,,wikidata_no_qid
CPU,AMD,FX-4320,4,4000000000,4200000000.0,95,,False,0.0,,wikidata_no_qid
CPU,AMD,FX-4350,4,4200000000,,125,,False,0.0,,wikidata_no_qid
CPU,AMD,FX-6100,6,3300000000,,95,,False,0.0,,wikidata_no_qid
CPU,AMD,FX-6120,6,3500000000,4099999999.0,95,,False,0.0,,wikidata_no_qid
CPU,AMD,FX-6130,6,3600000000,3900000000.0,125,,False,0.0,,wikidata_no_qid
CPU,AMD,FX-6200,6,3800000000,,125,,False,0.0,,wikidata_no_qid
CPU,AMD,FX-6300,6,3500000000,,95,,False,125.5,,wikidata_no_qid
CPU,AMD,FX-6300,6,3500000000,,95,,False,237.87,,wikidata_no_qid
CPU,AMD,FX-6350,6,3900000000,,125,,False,0.0,,wikidata_no_qid
CPU,AMD,FX-8100,8,2800000000,,95,,False,0.0,,wikidata_no_qid
CPU,AMD,FX-8120,8,3100000000,,125,,False,0.0,,wikidata_no_qid
CPU,AMD,FX-8140,8,3200000000,4099999999.0,95,,False,0.0,,wikidata_no_qid
CPU,AMD,FX-8150,8,3600000000,,125,,False,0.0,,wikidata_no_qid
CPU,AMD,FX-8300,8,3300000000,,95,,False,0.0,,wikidata_no_qid
CPU,AMD,FX-8300,8,3300000000,,95,,False,168.02,,wikidata_no_qid
CPU,AMD,FX-8310,8,3400000000,4300000000.0,95,,False,0.0,,wikidata_no_qid
CPU,AMD,FX-8320,8,3500000000,,125,,False,0.0,,wikidata_no_socket
CPU,AMD,FX-8320,8,3500000000,,125,,False,179.58,,wikidata_no_socket
CPU,AMD,FX-8320E,8,3200000000,4000000000.0,95,,False,0.0,,wikidata_no_qid
CPU,AMD,FX-8350,8,4000000000,,125,,False,228.53,,wikidata_no_socket
CPU,AMD,FX-8350,8,4000000000,,125,,False,504.49,,wikidata_no_socket
CPU,AMD,FX-8350,8,4000000000,,125,,False,0.0,,wikidata_no_socket
CPU,AMD,FX-8370,8,4000000000,4300000000.0,125,,False,0.0,,wikidata_no_qid
CPU,AMD,FX-8370E,8,3300000000,4300000000.0,95,,False,0.0,,wikidata_no_qid
CPU,AMD,FX-9370,8,4400000000,4700000000.0,220,,False,0.0,,wikidata_no_qid
CPU,AMD,FX-9370,8,4400000000,4700000000.0,220,,False,753.0,,wikidata_no_qid
CPU,AMD,FX-9590,8,4700000000,5000000000.0,220,,False,495.01,,wikidata_no_qid
CPU,AMD,FX-9590,8,4700000000,5000000000.0,220,,False,0.0,,wikidata_no_qid
CPU,AMD,Opteron 4386,8,3100000000,3800000000.0,95,,False,0.0,,wikidata_no_qid
CPU,AMD,Opteron 6320,8,2800000000,3300000000.0,115,,False,269.0,,wikidata_no_qid
CPU,AMD,Opteron 6320,8,2800000000,3300000000.0,115,,False,249.01,,wikidata_no_qid
CPU,AMD,Opteron 6328,8,3200000000,3800000000.0,115,,False,1818.0,,wikidata_no_qid
CPU,AMD,Opteron 6328,8,3200000000,3800000000.0,115,,False,0.0,,wikidata_no_qid
CPU,AMD,Opteron 6344,12,2600000000,3200000000.0,115,,False,379.0,,wikidata_no_qid
CPU,AMD,Opteron 6344,12,2600000000,3200000000.0,115,,False,0.0,,wikidata_no_qid
CPU,AMD,Opteron 6378,16,2400000000,3300000000.0,115,,False,0.0,,wikidata_no_qid
CPU,AMD,Opteron 6378,16,2400000000,3300000000.0,115,,False,921.95,,wikidata_no_qid
CPU,AMD,Phenom II X2 545,2,3000000000,,80,,False,0.0,,wikidata_no_qid
CPU,AMD,Phenom II X2 550,2,3100000000,,80,,False,0.0,,wikidata_no_qid
CPU,AMD,Phenom II X2 550 Black,2,3100000000,,80,,False,200.77,,wikidata_no_qid
CPU,AMD,Phenom II X2 555 Black,2,3200000000,,80,,False,294.82,,wikidata_no_qid
CPU,AMD,Phenom II X2 560 Black,2,3300000000,,80,,False,0.0,,wikidata_no_qid
CPU,AMD,Phenom II X2 565 Black,2,3400000000,,80,,False,0.0,,wikidata_no_qid
CPU,AMD,Phenom II X2 B59,2,3400000000,,80,,False,0.0,,wikidata_no_qid
CPU,AMD,Phenom II X3 705e,3,2500000000,,65,,False,0.0,,wikidata_no_qid
CPU,AMD,Phenom II X3 710,3,2600000000,,95,,False,0.0,,wikidata_no_qid
CPU,AMD,Phenom II X3 715 Black,3,2800000000,,95,,False,0.0,,wikidata_no_qid
CPU,AMD,Phenom II X3 720,3,2800000000,,95,,False,0.0,,wikidata_no_qid
CPU,AMD,Phenom II X3 720 Black,3,2800000000,,95,,False,0.0,,wikidata_no_qid
CPU,AMD,Phenom II X3 740 Black,3,3000000000,,95,,False,0.0,,wikidata_no_qid
CPU,AMD,Phenom II X4 805,4,2500000000,,95,,False,0.0,,wikidata_no_qid
CPU,AMD,Phenom II X4 810,4,2600000000,,95,,False,0.0,,wikidata_no_qid
CPU,AMD,Phenom II X4 820,4,2800000000,,95,,False,74.57,,wikidata_no_qid
CPU,AMD,Phenom II X4 830,4,2800000000,,95,,False,74.48,,wikidata_no_qid
CPU,AMD,Phenom II X4 840,4,3200000000,,95,,False,0.0,,wikidata_no_qid
CPU,AMD,Phenom II X4 905e,4,2500000000,,65,,False,0.0,,wikidata_no_qid
CPU,AMD,Phenom II X4 910,4,2600000000,,95,,False,0.0,,wikidata_no_qid
CPU,AMD,Phenom II X4 910e,4,2600000000,,65,,False,0.0,,wikidata_no_qid
CPU,AMD,Phenom II X4 920,4,2800000000,,125,,False,0.0,,wikidata_no_qid
CPU,AMD,Phenom II X4 925,4,2800000000,,95,,False,0.0,,wikidata_no_qid
CPU,AMD,Phenom II X4 940 Black,4,3000000000,,125,,False,0.0,,wikidata_no_qid
CPU,AMD,Phenom II X4 945,4,3000000000,,125,,False,0.0,,wikidata_no_qid
CPU,AMD,Phenom II X4 955,4,3200000000,,125,,False,0.0,,wikidata_no_qid
CPU,AMD,Phenom II X4 955 Black,4,3200000000,,125,,False,0.0,,wikidata_no_qid
CPU,AMD,Phenom II X4 960T Black,4,3000000000,,95,,False,0.0,,wikidata_no_qid
CPU,AMD,Phenom II X4 965,4,3400000000,,125,,False,0.0,,wikidata_no_qid
CPU,AMD,Phenom II X4 965 Black,4,3400000000,,125,,False,0.0,,wikidata_no_qid
CPU,AMD,Phenom II X4 965 Black (140W),4,3400000000,,140,,False,0.0,,cache
CPU,AMD,Phenom II X4 970,4,3500000000,,125,,False,0.0,,wikidata_no_qid
CPU,AMD,Phenom II X4 970 Black,4,3500000000,,125,,False,0.0,,wikidata_no_qid
CPU,AMD,Phenom II X4 975,4,3600000000,,125,,False,172.56,,wikidata_no_qid
CPU,AMD,Phenom II X4 975,4,3600000000,,125,,False,0.0,,wikidata_no_qid
CPU,AMD,Phenom II X4 980 Black,4,3700000000,,125,,False,0.0,,wikidata_no_qid
CPU,AMD,Phenom II X4 B99,4,3300000000,,95,,False,0.0,,wikidata_no_qid
CPU,AMD,Phenom II X6 1035T,6,2600000000,,95,,False,0.0,,wikidata_no_qid
CPU,AMD,Phenom II X6 1045T,6,2700000000,,95,,False,0.0,,wikidata_no_qid
CPU,AMD,Phenom II X6 1055T,6,2800000000,,125,,False,0.0,,wikidata_no_qid
CPU,AMD,Phenom II X6 1055T,6,2800000000,,125,,False,189.99,,wikidata_no_qid
CPU,AMD,Phenom II X6 1065T,6,2700000000,,95,,False,0.0,,wikidata_no_qid
CPU,AMD,Phenom II X6 1075T,6,3000000000,,95,,False,0.0,,wikidata_no_qid
CPU,AMD,Phenom II X6 1090T Black,6,3200000000,,125,,False,478.0,,wikidata_no_qid
CPU,AMD,Phenom II X6 1100T Black,6,3300000000,,125,,False,0.0,,wikidata_no_qid
CPU,AMD,Pro A10-7800B,4,3500000000,3900000000.0,65,Radeon R7 (on-die),False,0.0,,wikidata_no_qid
CPU,AMD,Pro A10-7850B,4,3700000000,4000000000.0,95,Radeon R7 (on-die),False,0.0,,wikidata_no_qid
CPU,AMD,Pro A4-7300B,2,3800000000,4000000000.0,65,Radeon HD 8470D,False,0.0,,wikidata_no_qid
CPU,AMD,Pro A6-7400B,2,3500000000,3900000000.0,65,Radeon R5 (on die),False,0.0,,wikidata_no_qid
CPU,AMD,Pro A8-7600B,4,3100000000,3800000000.0,65,Radeon R7 (on-die),False,0.0,,wikidata_no_qid
CPU,AMD,Ryzen 3 1200 (12nm),4,3100000000,3400000000.0,65,,False,0.0,Socket AM4,wikidata_P1041
CPU,AMD,Ryzen 3 1200 (14nm),4,3100000000,3400000000.0,65,,False,255.49,Socket AM4,cache
CPU,AMD,Ryzen 3 1300X,4,3500000000,3700000000.0,65,,False,398.0,Socket AM4,wikidata_P1041
CPU,AMD,Ryzen 3 2200G,4,3500000000,3700000000.0,65,Radeon Vega 8,False,0.0,,wikidata_no_qid
CPU,AMD,Ryzen 3 3100,4,3600000000,3900000000.0,65,,True,0.0,Socket AM4,wikidata_P1041
CPU,AMD,Ryzen 3 3200G,4,3600000000,4000000000.0,65,Radeon Vega 8,False,0.0,,wikidata_no_qid
CPU,AMD,Ryzen 3 3200G,4,3600000000,4000000000.0,65,Radeon Vega 8,False,174.98,,wikidata_no_qid
CPU,AMD,Ryzen 3 3300X,4,3800000000,4300000000.0,65,,True,0.0,Socket AM4,wikidata_P1041
CPU,AMD,Ryzen 5 1400,4,3200000000,3400000000.0,65,,True,463.38,,wikidata_no_socket
CPU,AMD,Ryzen 5 1500X,4,3500000000,3700000000.0,65,,True,300.99,,wikidata_no_socket
CPU,AMD,Ryzen 5 1600 (12nm),6,3200000000,3600000000.0,65,,True,149.99,Socket AM4,wikidata_P1041
CPU,AMD,Ryzen 5 1600 (14nm),6,3200000000,3600000000.0,65,,True,219.59,Socket AM4,cache
CPU,AMD,Ryzen 5 1600X,6,3600000000,4000000000.0,95,,True,315.01,,wikidata_no_socket
CPU,AMD,Ryzen 5 2400G,4,3600000000,3900000000.0,65,Radeon Vega 11,True,0.0,,wikidata_no_qid
CPU,AMD,Ryzen 5 2600,6,3400000000,3900000000.0,65,,True,0.0,Socket AM4,wikidata_P1041
CPU,AMD,Ryzen 5 2600,6,3400000000,3900000000.0,65,,True,209.99,Socket AM4,wikidata_P1041
CPU,AMD,Ryzen 5 2600X,6,3600000000,4200000000.0,95,,True,0.0,Socket AM4,wikidata_P1041
CPU,AMD,Ryzen 5 2600X,6,3600000000,4200000000.0,95,,True,244.99,Socket AM4,wikidata_P1041
CPU,AMD,Ryzen 5 3400G,4,3700000000,4200000000.0,65,Radeon Vega 11,True,210.54,,wikidata_no_qid
CPU,AMD,Ryzen 5 3400G,4,3700000000,4200000000.0,65,Radeon Vega 11,True,0.0,,wikidata_no_qid
CPU,AMD,Ryzen 5 3500,6,3600000000,4099999999.0,65,,False,0.0,Socket AM4,wikidata_P1041
CPU,AMD,Ryzen 5 3500X,6,3600000000,4099999999.0,65,,False,0.0,Socket AM4,wikidata_P1041
CPU,AMD,Ryzen 5 3600,6,3600000000,4200000000.0,65,,True,361.68,Socket AM4,wikidata_P1041
CPU,AMD,Ryzen 5 3600,6,3600000000,4200000000.0,65,,True,0.0,Socket AM4,wikidata_P1041
CPU,AMD,Ryzen 5 3600X,6,3800000000,4400000000.0,95,,True,399.68,Socket AM4,wikidata_P1041
CPU,AMD,Ryzen 5 3600X,6,3800000000,4400000000.0,95,,True,0.0,Socket AM4,wikidata_P1041
CPU,AMD,Ryzen 5 3600XT,6,3800000000,4500000000.0,95,,True,0.0,Socket AM4,wikidata_P1041
CPU,AMD,Ryzen 5 5600X,6,3700000000,4600000000.0,65,,True,0.0,,wikidata_no_qid
CPU,AMD,Ryzen 7 1700,8,3000000000,3700000000.0,65,,True,350.0,Socket AM4,wikidata_P1041
CPU,AMD,Ryzen 7 1700X,8,3400000000,3800000000.0,95,,True,318.97,Socket AM4,wikidata_P1041
CPU,AMD,Ryzen 7 1700X,8,3400000000,3800000000.0,95,,True,0.0,Socket AM4,wikidata_P1041
CPU,AMD,Ryzen 7 1800X,8,3600000000,4000000000.0,95,,True,0.0,Socket AM4,wikidata_P1041
CPU,AMD,Ryzen 7 1800X,8,3600000000,4000000000.0,95,,True,635.21,Socket AM4,wikidata_P1041
CPU,AMD,Ryzen 7 2700,8,3200000000,4099999999.0,65,,True,371.99,Socket AM4,wikidata_P1041
CPU,AMD,Ryzen 7 2700,8,3200000000,4099999999.0,65,,True,0.0,Socket AM4,wikidata_P1041
CPU,AMD,Ryzen 7 2700X,8,3700000000,4300000000.0,105,,True,289.99,,wikidata_no_qid
CPU,AMD,Ryzen 7 3700X,8,3600000000,4400000000.0,65,,True,0.0,,wikidata_no_qid
CPU,AMD,Ryzen 7 3700X,8,3600000000,4400000000.0,65,,True,329.0,,wikidata_no_qid
CPU,AMD,Ryzen 7 3800X,8,3900000000,4500000000.0,105,,True,359.99,,wikidata_no_qid
CPU,AMD,Ryzen 7 3800X,8,3900000000,4500000000.0,105,,True,0.0,,wikidata_no_qid
CPU,AMD,Ryzen 7 3800XT,8,3900000000,4700000000.0,105,,True,377.99,,wikidata_no_qid
CPU,AMD,Ryzen 7 5800X,8,3800000000,4700000000.0,105,,True,0.0,,wikidata_no_qid
CPU,AMD,Ryzen 9 3900X,12,3800000000,4600000000.0,105,,True,499.0,Socket AM4,wikidata_P1041
CPU,AMD,Ryzen 9 3900X,12,3800000000,4600000000.0,105,,True,0.0,Socket AM4,wikidata_P1041
CPU,AMD,Ryzen 9 3900XT,12,3800000000,4700000000.0,105,,True,459.99,,wikidata_no_qid
CPU,AMD,Ryzen 9 3950X,16,3500000000,4700000000.0,105,,True,709.99,,wikidata_no_qid
CPU,AMD,Ryzen 9 3950X,16,3500000000,4700000000.0,105,,True,0.0,,wikidata_no_qid
CPU,AMD,Ryzen 9 5900X,12,3700000000,4800000000.0,105,,True,0.0,,wikidata_no_qid
CPU,AMD,Ryzen 9 5950X,16,3400000000,4900000000.0,105,,True,0.0,,wikidata_no_socket
CPU,AMD,Sempron 130,1,2600000000,,45,,False,0.0,,wikidata_no_qid
CPU,AMD,Sempron 140,1,2700000000,,45,,False,0.0,,wikidata_no_qid
CPU,AMD,Sempron 145,1,2800000000,,45,,False,59.99,,wikidata_no_qid
CPU,AMD,Sempron 145,1,2800000000,,45,,False,0.0,,wikidata_no_qid
CPU,AMD,Sempron 150,1,2900000000,,45,,False,0.0,,wikidata_no_qid
CPU,AMD,Sempron X2 190,2,2500000000,,45,,False,0.0,,wikidata_no_qid
CPU,AMD,Sempron X2 198,2,2500000000,,65,,False,0.0,,wikidata_no_qid
CPU,AMD,Sempron X2 250,2,3200000000,3600000000.0,65,,False,0.0,,wikidata_no_qid
CPU,AMD,Threadripper 1900X,8,3800000000,4000000000.0,180,,True,409.73,Socket TR4,wikidata_P1041
CPU,AMD,Threadripper 1920X,12,3500000000,4000000000.0,180,,True,989.0,Socket TR4,wikidata_P1041
CPU,AMD,Threadripper 1950X,16,3400000000,4000000000.0,180,,True,1155.25,Socket TR4,wikidata_P1041
CPU,AMD,Threadripper 2920X,12,3500000000,4300000000.0,180,,True,1499.99,Socket TR4,wikidata_P1041
CPU,AMD,Threadripper 2920X,12,3500000000,4300000000.0,180,,True,0.0,Socket TR4,wikidata_P1041
CPU,AMD,Threadripper 2950X,16,3500000000,4400000000.0,180,,True,0.0,Socket TR4,wikidata_P1041
CPU,AMD,Threadripper 2950X,16,3500000000,4400000000.0,180,,True,589.99,Socket TR4,wikidata_P1041
CPU,AMD,Threadripper 2970WX,24,3000000000,4200000000.0,250,,True,0.0,Socket TR4,wikidata_P1041
CPU,AMD,Threadripper 2970WX,24,3000000000,4200000000.0,250,,True,1030.27,Socket TR4,wikidata_P1041
CPU,AMD,Threadripper 2990WX,32,3000000000,4200000000.0,250,,True,0.0,Socket TR4,wikidata_P1041
CPU,AMD,Threadripper 2990WX,32,3000000000,4200000000.0,250,,True,1699.99,Socket TR4,wikidata_P1041
CPU,AMD,Threadripper 3960X,24,3800000000,4500000000.0,280,,True,1843.58,,wikidata_no_qid
CPU,AMD,Threadripper 3970X,32,3700000000,4500000000.0,280,,True,2279.94,,wikidata_no_qid
CPU,AMD,Threadripper 3990X,64,2900000000,4300000000.0,280,,True,4015.0,,wikidata_no_qid
CPU,Intel,Atom D2500,2,1867000000,,10,Intel HD Graphics,False,0.0,,wikidata_no_qid
CPU,Intel,Atom D2700,2,2133000000,,10,,True,100.0,,wikidata_no_qid
CPU,Intel,Celeron 420,1,1600000000,,35,,False,0.0,,wikidata_no_qid
CPU,Intel,Celeron 420,1,1600000000,,35,,False,49.95,,wikidata_no_qid
CPU,Intel,Celeron 430,1,1800000000,,35,,False,75.62,,wikidata_no_qid
CPU,Intel,Celeron 430,1,1800000000,,35,,False,0.0,,wikidata_no_qid
CPU,Intel,Celeron 440,1,2000000000,,35,,False,0.0,,wikidata_no_qid
CPU,Intel,Celeron 440,1,2000000000,,35,,False,49.99,,wikidata_no_qid
CPU,Intel,Celeron 450,1,2200000000,,35,,False,0.0,,wikidata_no_qid
CPU,Intel,Celeron 847,2,1100000000,,17,Intel HD Graphics,False,0.0,,wikidata_no_qid
CPU,Intel,Celeron E1200,2,1600000000,,65,,False,0.0,,wikidata_no_qid
CPU,Intel,Celeron E1200,2,1600000000,,65,,False,70.0,,wikidata_no_qid
CPU,Intel,Celeron E1400,2,2000000000,,65,,False,14.0,,wikidata_no_qid
CPU,Intel,Celeron E1400,2,2000000000,,65,,False,0.0,,wikidata_no_qid
CPU,Intel,Celeron E1500,2,2200000000,,65,,False,0.0,,wikidata_no_qid
CPU,Intel,Celeron E1600,2,2400000000,,65,,False,0.0,,wikidata_no_qid
CPU,Intel,Celeron E3200,2,2400000000,,65,,False,0.0,,wikidata_no_qid
CPU,Intel,Celeron E3300,2,2500000000,,65,,False,0.0,,wikidata_no_qid
CPU,Intel,Celeron E3300,2,2500000000,,65,,False,43.99,,wikidata_no_qid
CPU,Intel,Celeron E3400,2,2600000000,,65,,False,0.0,,wikidata_no_qid
CPU,Intel,Celeron E3500,2,2700000000,,65,,False,21.0,,wikidata_no_qid
CPU,Intel,Celeron G1610,2,2600000000,,55,Intel HD Graphics,False,37.0,,wikidata_no_qid
CPU,Intel,Celeron G1620,2,2700000000,,55,Intel HD Graphics,False,0.0,,wikidata_no_qid
CPU,Intel,Celeron G1630,2,2800000000,,55,Intel HD Graphics,False,0.0,,wikidata_no_qid
CPU,Intel,Celeron G1820,2,2700000000,,53,Intel HD Graphics,False,0.0,,wikidata_no_qid
CPU,Intel,Celeron G1830,2,2800000000,,53,Intel HD Graphics,False,0.0,,wikidata_no_qid
CPU,Intel,Celeron G1840,2,2800000000,,53,Intel HD Graphics,False,0.0,,wikidata_no_qid
CPU,Intel,Celeron G1850,2,2900000000,,53,Intel HD Graphics,False,0.0,,wikidata_no_qid
CPU,Intel,Celeron G3900,2,2800000000,,51,Intel HD Graphics 510,False,0.0,,wikidata_no_qid
CPU,Intel,Celeron G3920,2,2600000000,,35,Intel HD Graphics 510,False,197.12,,wikidata_no_qid
CPU,Intel,Celeron G3930,2,2900000000,,51,Intel HD Graphics 610,False,59.99,,wikidata_no_qid
CPU,Intel,Celeron G3930,2,2900000000,,51,Intel HD Graphics 610,False,84.74,,wikidata_no_qid
CPU,Intel,Celeron G3930T,2,2700000000,,35,Intel HD Graphics 610,False,0.0,,wikidata_no_qid
CPU,Intel,Celeron G3950,2,3000000000,,51,Intel HD Graphics 610,False,0.0,,wikidata_no_qid
CPU,Intel,Celeron G440,1,1600000000,,35,Intel HD Graphics,False,30.0,,wikidata_no_qid
CPU,Intel,Celeron G465,2,1900000000,,35,Intel HD Graphics,False,0.0,,wikidata_no_qid
CPU,Intel,Celeron G470,1,2000000000,,35,Intel HD Graphics,True,0.0,,wikidata_no_qid
CPU,Intel,Celeron G4900,2,3100000000,,65,Intel UHD Graphics 610,False,0.0,,wikidata_no_qid
CPU,Intel,Celeron G4900T,2,1800000000,,35,Intel UHD Graphics 610,False,0.0,,wikidata_no_qid
CPU,Intel,Celeron G4920,2,3200000000,,65,Intel UHD Graphics 610,False,0.0,,wikidata_no_qid
CPU,Intel,Celeron G4920,2,3200000000,,65,Intel UHD Graphics 610,False,63.44,,wikidata_no_qid
CPU,Intel,Celeron G4930,2,3200000000,,54,Intel UHD Graphics 610,False,43.4,,wikidata_no_qid
CPU,Intel,Celeron G530,2,2400000000,,65,Intel HD Graphics,False,69.98,,wikidata_no_qid
CPU,Intel,Celeron G540,2,2500000000,,65,Intel HD Graphics,False,121.59,,wikidata_no_qid
CPU,Intel,Celeron G555,2,2700000000,,65,Intel HD Graphics,False,0.0,,wikidata_no_qid
CPU,Intel,Celeron G5900,2,3400000000,,58,Intel UHD Graphics 610,False,43.26,,wikidata_no_qid
CPU,Intel,Celeron G5905,2,3500000000,,58,Intel UHD Graphics 610,False,62.63,,wikidata_no_qid
CPU,Intel,Celeron G5905T,2,3300000000,,35,Intel UHD Graphics 610,False,0.0,,wikidata_no_qid
CPU,Intel,Celeron G5920,2,3500000000,,58,Intel UHD Graphics 610,False,61.99,,wikidata_no_qid
CPU,Intel,Celeron G5925,2,3600000000,,58,Intel UHD Graphics 610,False,72.63,,wikidata_no_qid
CPU,Intel,Core 2 Duo E4300,2,1800000000,,65,,False,0.0,,wikidata_no_qid
CPU,Intel,Core 2 Duo E4300,2,1800000000,,65,,False,97.25,,wikidata_no_qid
CPU,Intel,Core 2 Duo E4400,2,2000000000,,65,,False,0.0,,wikidata_no_qid
CPU,Intel,Core 2 Duo E4400,2,2000000000,,65,,False,108.0,,wikidata_no_qid
CPU,Intel,Core 2 Duo E4500,2,2200000000,,65,,False,0.0,,wikidata_no_qid
CPU,Intel,Core 2 Duo E4600,2,2400000000,,65,,False,204.37,,wikidata_no_qid
CPU,Intel,Core 2 Duo E4600,2,2400000000,,65,,False,0.0,,wikidata_no_qid
CPU,Intel,Core 2 Duo E6320,2,1860000000,,65,,False,0.0,,wikidata_no_qid
CPU,Intel,Core 2 Duo E6320,2,1860000000,,65,,False,198.95,,wikidata_no_qid
CPU,Intel,Core 2 Duo E6400,2,2130000000,,65,,False,0.0,,wikidata_no_qid
CPU,Intel,Core 2 Duo E6400,2,2130000000,,65,,False,98.95,,wikidata_no_qid
CPU,Intel,Core 2 Duo E6420,2,2130000000,,65,,False,149.94,,wikidata_no_qid
CPU,Intel,Core 2 Duo E6420,2,2130000000,,65,,False,133.82,,wikidata_no_qid
CPU,Intel,Core 2 Duo E6540,2,2330000000,,65,,False,0.0,,wikidata_no_qid
CPU,Intel,Core 2 Duo E6550,2,2330000000,,65,,False,177.94,,wikidata_no_qid
CPU,Intel,Core 2 Duo E6550,2,2330000000,,65,,False,0.0,,wikidata_no_qid
CPU,Intel,Core 2 Duo E6550,2,2330000000,,65,,False,49.79,,wikidata_no_qid
CPU,Intel,Core 2 Duo E6700,2,2660000000,,65,,False,204.03,,wikidata_no_qid
CPU,Intel,Core 2 Duo E6700,2,2660000000,,65,,False,149.94,,wikidata_no_qid
CPU,Intel,Core 2 Duo E6700,2,2660000000,,65,,False,0.0,,wikidata_no_qid
CPU,Intel,Core 2 Duo E6750,2,2660000000,,65,,False,87.99,,wikidata_no_qid
CPU,Intel,Core 2 Duo E6750,2,2660000000,,65,,False,0.0,,wikidata_no_qid
CPU,Intel,Core 2 Duo E6850,2,3000000000,,65,,False,249.95,,wikidata_no_qid
CPU,Intel,Core 2 Duo E6850,2,3000000000,,65,,False,129.94,,wikidata_no_qid
CPU,Intel,Core 2 Duo E7200,2,2530000000,,65,,False,80.98,,wikidata_no_qid
CPU,Intel,Core 2 Duo E7200,2,2530000000,,65,,False,0.0,,wikidata_no_qid
CPU,Intel,Core 2 Duo E7300,2,2660000000,,65,,False,28.2,,wikidata_no_qid
CPU,Intel,Core 2 Duo E7300,2,2660000000,,65,,False,11.95,,wikidata_no_qid
CPU,Intel,Core 2 Duo E7400,2,2800000000,,65,,False,0.0,,wikidata_no_qid
CPU,Intel,Core 2 Duo E7400,2,2800000000,,65,,False,129.94,,wikidata_no_qid
CPU,Intel,Core 2 Duo E7400,2,2800000000,,65,,False,175.27,,wikidata_no_qid
CPU,Intel,Core 2 Duo E7500,2,2930000000,,65,,False,99.99,,wikidata_no_qid
CPU,Intel,Core 2 Duo E7500,2,2930000000,,65,,False,113.95,,wikidata_no_qid
CPU,Intel,Core 2 Duo E7500,2,2930000000,,65,,False,0.0,,wikidata_no_qid
CPU,Intel,Core 2 Duo E7600,2,3060000000,,65,,False,129.94,,wikidata_no_qid
CPU,Intel,Core 2 Duo E7600,2,3060000000,,65,,False,149.94,,wikidata_no_qid
CPU,Intel,Core 2 Duo E8190,2,2660000000,,65,,False,0.0,,wikidata_no_qid
CPU,Intel,Core 2 Duo E8200,2,2660000000,,65,,False,0.0,,wikidata_no_qid
CPU,Intel,Core 2 Duo E8300,2,2830000000,,65,,False,119.95,,wikidata_no_qid
CPU,Intel,Core 2 Duo E8400,2,3000000000,,65,,False,140.0,,wikidata_no_qid
CPU,Intel,Core 2 Duo E8400,2,3000000000,,65,,False,29.0,,wikidata_no_qid
CPU,Intel,Core 2 Duo E8400,2,3000000000,,65,,False,40.02,,wikidata_no_qid
CPU,Intel,Core 2 Duo E8400,2,3000000000,,65,,False,0.0,,wikidata_no_qid
CPU,Intel,Core 2 Duo E8500,2,3160000000,,65,,False,0.0,,wikidata_no_qid
CPU,Intel,Core 2 Duo E8600,2,3330000000,,65,,False,0.0,,wikidata_no_qid
CPU,Intel,Core 2 Duo E8600,2,3330000000,,65,,False,105.99,,wikidata_no_qid
CPU,Intel,Core 2 Extreme QX6700,4,2660000000,,100,,False,605.64,,wikidata_no_qid
CPU,Intel,Core 2 Extreme QX6700,4,2660000000,,100,,False,0.0,,wikidata_no_qid
CPU,Intel,Core 2 Extreme QX6800,4,2930000000,,100,,False,998.95,,wikidata_no_qid
CPU,Intel,Core 2 Extreme QX6800,4,2930000000,,100,,False,0.0,,wikidata_no_qid
CPU,Intel,Core 2 Extreme QX6850,4,3000000000,,130,,False,904.0,,wikidata_no_qid
CPU,Intel,Core 2 Extreme QX6850,4,3000000000,,130,,False,0.0,,wikidata_no_qid
CPU,Intel,Core 2 Extreme QX9650,4,3000000000,,130,,False,299.0,,wikidata_no_qid
CPU,Intel,Core 2 Extreme QX9650,4,3000000000,,130,,False,499.99,,wikidata_no_qid
CPU,Intel,Core 2 Extreme QX9770,4,3200000000,,136,,False,0.0,,wikidata_no_qid
CPU,Intel,Core 2 Extreme QX9775,4,3200000000,,150,,False,0.0,,wikidata_no_qid
CPU,Intel,Core 2 Extreme QX9775,4,3200000000,,150,,False,1495.0,,wikidata_no_qid
CPU,Intel,Core 2 Extreme X6800,2,2930000000,,75,,False,499.95,,wikidata_no_qid
CPU,Intel,Core 2 Quad Q6600,4,2400000000,,100,,False,518.0,,wikidata_no_socket
CPU,Intel,Core 2 Quad Q6600,4,2400000000,,100,,False,39.97,,wikidata_no_socket
CPU,Intel,Core 2 Quad Q6700,4,2660000000,,100,,False,0.0,,wikidata_no_socket
CPU,Intel,Core 2 Quad Q6700,4,2660000000,,100,,False,49.22,,wikidata_no_socket
CPU,Intel,Core 2 Quad Q8200,4,2330000000,,95,,False,53.45,,wikidata_no_socket
CPU,Intel,Core 2 Quad Q8200,4,2330000000,,95,,False,144.01,,wikidata_no_socket
CPU,Intel,Core 2 Quad Q8200,4,2330000000,,95,,False,0.0,,wikidata_no_socket
CPU,Intel,Core 2 Quad Q8200S,4,2330000000,,65,,False,0.0,,wikidata_no_qid
CPU,Intel,Core 2 Quad Q8300,4,2500000000,,95,,False,0.0,,wikidata_no_socket
CPU,Intel,Core 2 Quad Q8400,4,2660000000,,95,,False,235.34,,wikidata_no_socket
CPU,Intel,Core 2 Quad Q8400,4,2660000000,,95,,False,0.0,,wikidata_no_socket
CPU,Intel,Core 2 Quad Q8400S,4,2660000000,,65,,False,0.0,,wikidata_no_qid
CPU,Intel,Core 2 Quad Q9300,4,2500000000,,95,,False,167.99,,wikidata_no_socket
CPU,Intel,Core 2 Quad Q9300,4,2500000000,,95,,False,75.56,,wikidata_no_socket
CPU,Intel,Core 2 Quad Q9400,4,2660000000,,95,,False,42.53,,wikidata_no_socket
CPU,Intel,Core 2 Quad Q9400,4,2660000000,,95,,False,0.0,,wikidata_no_socket
CPU,Intel,Core 2 Quad Q9400S,4,2660000000,,65,,False,0.0,,wikidata_no_qid
CPU,Intel,Core 2 Quad Q9450,4,2660000000,,95,,False,0.0,,wikidata_no_socket
CPU,Intel,Core 2 Quad Q9450,4,2660000000,,95,,False,295.44,,wikidata_no_socket
CPU,Intel,Core 2 Quad Q9505,4,2830000000,,95,,False,0.0,,wikidata_no_socket
CPU,Intel,Core 2 Quad Q9505,4,2830000000,,95,,False,249.95,,wikidata_no_socket
CPU,Intel,Core 2 Quad Q9505S,4,2830000000,,65,,False,0.0,,wikidata_no_qid
CPU,Intel,Core 2 Quad Q9550,4,2830000000,,95,,False,293.97,,wikidata_no_socket
CPU,Intel,Core 2 Quad Q9550,4,2830000000,,95,,False,0.0,,wikidata_no_socket
CPU,Intel,Core 2 Quad Q9550S,4,2830000000,,65,,False,0.0,,wikidata_no_qid
CPU,Intel,Core 2 Quad Q9650,4,3000000000,,95,,False,138.44,,wikidata_no_socket
CPU,Intel,Core 2 Quad Q9650,4,3000000000,,95,,False,0.0,,wikidata_no_socket
CPU,Intel,Core i3-10100,4,3600000000,4300000000.0,65,Intel UHD Graphics 630,True,105.44,,wikidata_no_qid
CPU,Intel,Core i3-10100F,4,3600000000,4300000000.0,65,,True,0.0,,wikidata_no_qid
CPU,Intel,Core i3-10300,4,3700000000,4400000000.0,65,Intel UHD Graphics 630,True,179.08,,wikidata_no_qid
CPU,Intel,Core i3-10320,4,3800000000,4600000000.0,65,Intel UHD Graphics 630,True,197.99,,wikidata_no_qid
CPU,Intel,Core i3-2100,2,3100000000,,65,Intel HD Graphics 2000,True,25.0,,wikidata_no_qid
CPU,Intel,Core i3-2100T,2,2500000000,,35,Intel HD Graphics 2000,True,0.0,,wikidata_no_qid
CPU,Intel,Core i3-2105,2,3100000000,,65,Intel HD Graphics 3000,True,104.99,,wikidata_no_qid
CPU,Intel,Core i3-2120,2,3300000000,,65,Intel HD Graphics 2000,True,135.0,,wikidata_no_qid
CPU,Intel,Core i3-2120T,2,2600000000,,35,Intel HD Graphics 2000,True,133.88,,wikidata_no_qid
CPU,Intel,Core i3-2125,2,3300000000,,65,Intel HD Graphics 3000,True,143.01,,wikidata_no_qid
CPU,Intel,Core i3-2130,2,3400000000,,65,Intel HD Graphics 2000,True,95.01,,wikidata_no_qid
CPU,Intel,Core i3-3210,2,3200000000,,55,Intel HD Graphics 2500,True,283.5,,wikidata_no_qid
CPU,Intel,Core i3-3220,2,3300000000,,55,Intel HD Graphics 2500,True,0.0,,wikidata_no_qid
CPU,Intel,Core i3-3220T,2,2800000000,,35,Intel HD Graphics 2500,True,263.95,,wikidata_no_qid
CPU,Intel,Core i3-3225,2,3300000000,,55,Intel HD Graphics 4000,True,122.42,,wikidata_no_qid
CPU,Intel,Core i3-3240,2,3400000000,,55,Intel HD Graphics 2500,True,49.95,,wikidata_no_qid
CPU,Intel,Core i3-3240,2,3400000000,,55,Intel HD Graphics 2500,True,0.0,,wikidata_no_qid
CPU,Intel,Core i3-3245,2,3400000000,,55,Intel HD Graphics 4000,True,152.86,,wikidata_no_qid
CPU,Intel,Core i3-3250,2,3500000000,,55,Intel HD Graphics 2500,True,54.97,,wikidata_no_qid
CPU,Intel,Core i3-350M,2,2267000000,,35,Intel HD Graphics,True,0.0,,wikidata_no_qid
CPU,Intel,Core i3-4130,2,3400000000,,54,Intel HD Graphics 4400,True,164.99,,wikidata_no_qid
CPU,Intel,Core i3-4130T,2,2900000000,,35,Intel HD Graphics 4400,True,299.95,,wikidata_no_qid
CPU,Intel,Core i3-4150,2,3500000000,,54,Intel HD Graphics 4400,True,0.0,,wikidata_no_qid
CPU,Intel,Core i3-4160,2,3600000000,,54,Intel HD Graphics 4400,True,0.0,,wikidata_no_qid
CPU,Intel,Core i3-4160T,2,3100000000,,35,Intel HD Graphics 4400,True,0.0,,wikidata_no_qid
CPU,Intel,Core i3-4170,2,3700000000,,54,Intel HD Graphics 4400,True,0.0,,wikidata_no_qid
CPU,Intel,Core i3-4330,2,3500000000,,54,Intel HD Graphics 4600,True,395.28,,wikidata_no_qid
CPU,Intel,Core i3-4340,2,3600000000,,54,Intel HD Graphics 4600,True,0.0,,wikidata_no_qid
CPU,Intel,Core i3-4350,2,3600000000,,54,Intel HD Graphics 4600,True,0.0,,wikidata_no_qid
CPU,Intel,Core i3-4360,2,3700000000,,54,Intel HD Graphics 4600,True,0.0,,wikidata_no_qid
CPU,Intel,Core i3-4360T,2,3200000000,,35,Intel HD Graphics 4600,True,0.0,,wikidata_no_qid
CPU,Intel,Core i3-4370,2,3800000000,,54,Intel HD Graphics 4600,True,148.69,,wikidata_no_qid
CPU,Intel,Core i3-4370,2,3800000000,,54,Intel HD Graphics 4600,True,0.0,,wikidata_no_qid
CPU,Intel,Core i3-530,2,2930000000,,73,Intel HD Graphics,True,0.0,,wikidata_no_qid
CPU,Intel,Core i3-540,2,3060000000,,73,Intel HD Graphics,True,179.95,,wikidata_no_qid
CPU,Intel,Core i3-550,2,3200000000,,73,Intel HD Graphics,True,173.27,,wikidata_no_qid
CPU,Intel,Core i3-560,2,3333000000,,73,Intel HD Graphics,True,0.0,,wikidata_no_qid
CPU,Intel,Core i3-6098P,2,3600000000,,54,Intel HD Graphics 510,True,336.0,,wikidata_no_qid
CPU,Intel,Core i3-6100,2,3700000000,,51,Intel HD Graphics 530,True,196.0,,wikidata_no_qid
CPU,Intel,Core i3-6100,2,3700000000,,51,Intel HD Graphics 530,True,155.88,,wikidata_no_qid
CPU,Intel,Core i3-6100T,2,3200000000,,35,Intel HD Graphics 530,True,0.0,,wikidata_no_qid
CPU,Intel,Core i3-6100T,2,3200000000,,35,Intel HD Graphics 530,True,123.39,,wikidata_no_qid
CPU,Intel,Core i3-6300,2,3800000000,,51,Intel HD Graphics 530,True,0.0,,wikidata_no_qid
CPU,Intel,Core i3-6300T,2,3300000000,,35,Intel HD Graphics 530,True,0.0,,wikidata_no_qid
CPU,Intel,Core i3-6320,2,3900000000,,51,Intel HD Graphics 530,True,0.0,,wikidata_no_qid
CPU,Intel,Core i3-6320,2,3900000000,,51,Intel HD Graphics 530,True,573.0,,wikidata_no_qid
CPU,Intel,Core i3-7100,2,3900000000,,51,Intel HD Graphics 630,True,94.91,,wikidata_no_qid
CPU,Intel,Core i3-7100,2,3900000000,,51,Intel HD Graphics 630,True,100.97,,wikidata_no_qid
CPU,Intel,Core i3-7100T,2,3400000000,,35,Intel HD Graphics 630,True,425.65,,wikidata_no_qid
CPU,Intel,Core i3-7100T,2,3400000000,,35,Intel HD Graphics 630,True,0.0,,wikidata_no_qid
CPU,Intel,Core i3-7101TE,2,3400000000,,35,Intel HD Graphics 610,True,0.0,,wikidata_no_qid
CPU,Intel,Core i3-7300,2,4000000000,,51,Intel HD Graphics 630,True,0.0,,wikidata_no_qid
CPU,Intel,Core i3-7300T,2,3500000000,,35,Intel HD Graphics 630,True,0.0,,wikidata_no_qid
CPU,Intel,Core i3-7320,2,4099999999,,51,Intel HD Graphics 630,True,270.66,,wikidata_no_qid
CPU,Intel,Core i3-7320,2,4099999999,,51,Intel HD Graphics 630,True,0.0,,wikidata_no_qid
CPU,Intel,Core i3-7350K,2,4200000000,,60,Intel HD Graphics 630,True,0.0,,wikidata_no_qid
CPU,Intel,Core i3-7350K,2,4200000000,,60,Intel HD Graphics 630,True,148.99,,wikidata_no_qid
CPU,Intel,Core i3-8100,4,3600000000,,65,Intel UHD Graphics 630,False,139.99,,wikidata_no_qid
CPU,Intel,Core i3-8100,4,3600000000,,65,Intel UHD Graphics 630,False,166.2,,wikidata_no_qid
CPU,Intel,Core i3-8100T,4,3100000000,,35,Intel UHD Graphics 630,False,132.99,,wikidata_no_qid
CPU,Intel,Core i3-8300,4,3700000000,,62,Intel UHD Graphics 630,False,155.81,,wikidata_no_qid
CPU,Intel,Core i3-8300,4,3700000000,,62,Intel UHD Graphics 630,False,0.0,,wikidata_no_qid
CPU,Intel,Core i3-8300T,4,3200000000,,35,Intel UHD Graphics 630,False,154.81,,wikidata_no_qid
CPU,Intel,Core i3-8350K,4,4000000000,,91,Intel UHD Graphics 630,False,0.0,,wikidata_no_qid
CPU,Intel,Core i3-8350K,4,4000000000,,91,Intel UHD Graphics 630,False,194.99,,wikidata_no_qid
CPU,Intel,Core i3-9100,4,3600000000,4200000000.0,65,Intel UHD Graphics 630,False,144.69,,wikidata_no_qid
CPU,Intel,Core i3-9100F,4,3600000000,4200000000.0,65,,False,118.37,,wikidata_no_qid
CPU,Intel,Core i3-9100T,4,3100000000,3700000000.0,35,Intel UHD Graphics 630,False,0.0,,wikidata_no_qid
CPU,Intel,Core i3-9300,4,3700000000,4300000000.0,62,,False,0.0,,wikidata_no_qid
CPU,Intel,Core i3-9300,4,3700000000,4300000000.0,62,,False,195.49,,wikidata_no_qid
CPU,Intel,Core i3-9320,4,3700000000,4400000000.0,62,,False,0.0,,wikidata_no_qid
CPU,Intel,Core i3-9350K,4,4000000000,4600000000.0,91,Intel HD Graphics 630,False,331.67,,wikidata_no_qid
CPU,Intel,Core i3-9350K,4,4000000000,4600000000.0,91,Intel HD Graphics 630,False,0.0,,wikidata_no_qid
CPU,Intel,Core i3-9350KF,4,4000000000,4600000000.0,91,,False,161.36,,wikidata_no_qid
CPU,Intel,Core i5-10400,6,2900000000,4300000000.0,65,Intel UHD Graphics 630,True,179.99,,wikidata_no_qid
CPU,Intel,Core i5-10400F,6,2900000000,4300000000.0,65,,True,173.99,,wikidata_no_qid
CPU,Intel,Core i5-10500,6,3100000000,4500000000.0,65,Intel UHD Graphics 630,True,239.99,,wikidata_no_qid
CPU,Intel,Core i5-10600,6,3300000000,4800000000.0,65,Intel UHD Graphics 630,True,261.25,,wikidata_no_qid
CPU,Intel,Core i5-10600K,6,4099999999,4800000000.0,125,Intel UHD Graphics 630,True,260.99,,wikidata_no_qid
CPU,Intel,Core i5-10600KF,6,4099999999,4800000000.0,125,,True,322.77,,wikidata_no_qid
CPU,Intel,Core i5-2300,4,2800000000,,95,Intel HD Graphics 2000,False,0.0,,wikidata_no_qid
CPU,Intel,Core i5-2310,4,2900000000,,95,Intel HD Graphics 2000,False,0.0,,wikidata_no_qid
CPU,Intel,Core i5-2320,4,3000000000,,95,Intel HD Graphics 2000,False,249.95,,wikidata_no_qid
CPU,Intel,Core i5-2380P,4,3100000000,,95,,False,150.0,,wikidata_no_qid
CPU,Intel,Core i5-2400,4,3100000000,,95,Intel HD Graphics 2000,False,203.95,,wikidata_no_qid
CPU,Intel,Core i5-2400S,4,2500000000,,65,Intel HD Graphics 2000,False,172.0,,wikidata_no_qid
CPU,Intel,Core i5-2405S,4,2500000000,,65,Intel HD Graphics 3000,False,0.0,,wikidata_no_qid
CPU,Intel,Core i5-2450P,4,3200000000,,95,,False,0.0,,wikidata_no_qid
CPU,Intel,Core i5-2500,4,3300000000,,95,Intel HD Graphics 2000,False,0.0,,wikidata_no_qid
CPU,Intel,Core i5-2500K,4,3300000000,,95,Intel HD Graphics 3000,False,0.0,,wikidata_no_qid
CPU,Intel,Core i5-2550K,4,3400000000,,95,,False,0.0,,wikidata_no_qid
CPU,Intel,Core i5-3330,4,3000000000,,77,Intel HD Graphics 2500,False,0.0,LGA 1155,wikidata_P1041
CPU,Intel,Core i5-3330S,4,2700000000,3200000000.0,65,Intel HD Graphics 2500,False,205.03,,wikidata_no_qid
CPU,Intel,Core i5-3340,4,3100000000,3300000000.0,77,Intel HD Graphics 2500,False,149.99,,wikidata_no_qid
CPU,Intel,Core i5-3340S,4,2800000000,3300000000.0,65,Intel HD Graphics 2500,False,0.0,,wikidata_no_qid
CPU,Intel,Core i5-3350P,4,3100000000,,69,,False,0.0,,wikidata_no_qid
CPU,Intel,Core i5-3360M,2,2800000000,3500000000.0,35,Intel HD Graphics,True,594.15,,wikidata_no_qid
CPU,Intel,Core i5-3450,4,3100000000,,77,Intel HD Graphics 2500,False,183.85,,wikidata_no_qid
CPU,Intel,Core i5-3450S,4,2800000000,,65,Intel HD Graphics 2500,False,95.0,,wikidata_no_qid
CPU,Intel,Core i5-3470,4,3200000000,,77,Intel HD Graphics 2500,False,85.0,,wikidata_no_qid
CPU,Intel,Core i5-3470S,4,2900000000,,65,Intel HD Graphics 2500,False,69.0,,wikidata_no_qid
CPU,Intel,Core i5-3550,4,3300000000,,77,Intel HD Graphics 2500,False,303.97,,wikidata_no_qid
CPU,Intel,Core i5-3550S,4,3000000000,3700000000.0,65,Intel HD Graphics 2500,False,0.0,,wikidata_no_qid
CPU,Intel,Core i5-3570,4,3400000000,,77,Intel HD Graphics 2500,False,0.0,,wikidata_no_qid
CPU,Intel,Core i5-3570K,4,3400000000,,77,Intel HD Graphics 4000,False,110.0,,wikidata_no_qid
CPU,Intel,Core i5-3570S,4,3100000000,3800000000.0,65,Intel HD Graphics 2500,False,0.0,,wikidata_no_qid
CPU,Intel,Core i5-4430,4,3000000000,,84,Intel HD Graphics 4600,False,0.0,,wikidata_no_qid
CPU,Intel,Core i5-4440,4,3100000000,3300000000.0,84,Intel HD Graphics 4600,False,0.0,,wikidata_no_qid
CPU,Intel,Core i5-4440S,4,2800000000,3300000000.0,65,Intel HD Graphics 4600,False,0.0,,wikidata_no_qid
CPU,Intel,Core i5-4460,4,3200000000,3400000000.0,84,Intel HD Graphics 4600,False,211.59,,wikidata_no_qid
CPU,Intel,Core i5-4460S,4,2900000000,3400000000.0,65,Intel HD Graphics 4000,False,0.0,,wikidata_no_qid
CPU,Intel,Core i5-4570,4,3200000000,,84,Intel HD Graphics 4600,False,302.94,,wikidata_no_qid
CPU,Intel,Core i5-4570S,4,2900000000,,65,Intel HD Graphics 4600,False,0.0,,wikidata_no_qid
CPU,Intel,Core i5-4570S,4,2900000000,,65,Intel HD Graphics 4600,False,401.14,,wikidata_no_qid
CPU,Intel,Core i5-4570T,2,2900000000,,35,Intel HD Graphics 4600,True,283.48,,wikidata_no_qid
CPU,Intel,Core i5-4590,4,3300000000,3700000000.0,84,Intel HD Graphics 4600,False,0.0,,wikidata_no_qid
CPU,Intel,Core i5-4590S,4,3000000000,3700000000.0,65,Intel HD Graphics 4000,False,0.0,,wikidata_no_qid
CPU,Intel,Core i5-4590T,4,2000000000,,35,Intel HD Graphics 4000,True,0.0,,wikidata_no_qid
CPU,Intel,Core i5-4670,4,3400000000,,84,Intel HD Graphics 4600,False,240.39,,wikidata_no_qid
CPU,Intel,Core i5-4670K,4,3400000000,,84,Intel HD Graphics 4600,False,405.31,,wikidata_no_qid
CPU,Intel,Core i5-4670S,4,3100000000,3800000000.0,65,Intel HD Graphics 4600,False,621.0,,wikidata_no_qid
CPU,Intel,Core i5-4690,4,3500000000,3900000000.0,84,Intel HD Graphics 4600,False,0.0,,wikidata_no_qid
CPU,Intel,Core i5-4690,4,3500000000,3900000000.0,84,Intel HD Graphics 4600,False,175.0,,wikidata_no_qid
CPU,Intel,Core i5-4690K,4,3500000000,3900000000.0,88,Intel HD Graphics 4600,False,228.95,,wikidata_no_qid
CPU,Intel,Core i5-4690K,4,3500000000,3900000000.0,88,Intel HD Graphics 4600,False,0.0,,wikidata_no_qid
CPU,Intel,Core i5-4690S,4,3200000000,3900000000.0,65,Intel HD Graphics 4600,False,0.0,,wikidata_no_qid
CPU,Intel,Core i5-5675C,4,3100000000,3600000000.0,65,Iris Pro Graphics 6200,False,0.0,,wikidata_no_qid
CPU,Intel,Core i5-6400,4,2700000000,3300000000.0,65,Intel HD Graphics 530,False,0.0,,wikidata_no_qid
CPU,Intel,Core i5-6400T,4,2200000000,2800000000.0,35,Intel HD Graphics 530,False,0.0,,wikidata_no_qid
CPU,Intel,Core i5-6402P,4,2800000000,3400000000.0,65,Intel HD Graphics 510,False,0.0,,wikidata_no_qid
CPU,Intel,Core i5-650,2,3200000000,,73,Intel HD Graphics,True,0.0,,wikidata_no_qid
CPU,Intel,Core i5-6500,4,3200000000,3600000000.0,65,Intel HD Graphics 530,False,210.0,,wikidata_no_qid
CPU,Intel,Core i5-6500,4,3200000000,3600000000.0,65,Intel HD Graphics 530,False,203.99,,wikidata_no_qid
CPU,Intel,Core i5-6500T,4,2500000000,3100000000.0,35,Intel HD Graphics 530,False,304.43,,wikidata_no_qid
CPU,Intel,Core i5-6500T,4,2500000000,3100000000.0,35,Intel HD Graphics 530,False,0.0,,wikidata_no_qid
CPU,Intel,Core i5-655K,2,3200000000,,73,Intel HD Graphics,True,0.0,,wikidata_no_qid
CPU,Intel,Core i5-660,2,3330000000,,73,Intel HD Graphics,True,349.95,LGA 1151,wikidata_P1041
CPU,Intel,Core i5-6600,4,3300000000,3900000000.0,65,Intel HD Graphics 530,False,306.63,LGA 1151,wikidata_P1041
CPU,Intel,Core i5-6600,4,3300000000,3900000000.0,65,Intel HD Graphics 530,False,0.0,LGA 1151,wikidata_P1041
CPU,Intel,Core i5-6600K,4,3500000000,3900000000.0,91,Intel HD Graphics 530,False,199.95,,wikidata_no_qid
CPU,Intel,Core i5-6600T,4,2700000000,3500000000.0,35,Intel HD Graphics 530,False,294.98,,wikidata_no_qid
CPU,Intel,Core i5-6600T,4,2700000000,3500000000.0,35,Intel HD Graphics 530,False,0.0,,wikidata_no_qid
CPU,Intel,Core i5-661,2,3330000000,,87,Intel HD Graphics,True,0.0,,wikidata_no_qid
CPU,Intel,Core i5-670,2,3460000000,,73,Intel HD Graphics,True,0.0,,wikidata_no_qid
CPU,Intel,Core i5-680,2,3600000000,,73,Intel HD Graphics,True,0.0,,wikidata_no_qid
CPU,Intel,Core i5-7400,4,3000000000,3500000000.0,65,Intel HD Graphics 630,False,181.48,,wikidata_no_qid
CPU,Intel,Core i5-7400,4,3000000000,3500000000.0,65,Intel HD Graphics 630,False,189.98,,wikidata_no_qid
CPU,Intel,Core i5-7400T,4,2400000000,3000000000.0,35,Intel HD Graphics 630,False,145.99,,wikidata_no_qid
CPU,Intel,Core i5-7400T,4,2400000000,3000000000.0,35,Intel HD Graphics 630,False,0.0,,wikidata_no_qid
CPU,Intel,Core i5-750,4,2660000000,,95,,False,405.0,,wikidata_no_qid
CPU,Intel,Core i5-750,4,2660000000,,95,,False,90.0,,wikidata_no_qid
CPU,Intel,Core i5-7500,4,3400000000,3800000000.0,65,Intel HD Graphics 630,False,239.95,,wikidata_no_qid
CPU,Intel,Core i5-7500,4,3400000000,3800000000.0,65,Intel HD Graphics 630,False,0.0,,wikidata_no_qid
CPU,Intel,Core i5-7500T,4,2700000000,3300000000.0,35,Intel HD Graphics 630,False,0.0,,wikidata_no_qid
CPU,Intel,Core i5-7500T,4,2700000000,3300000000.0,35,Intel HD Graphics 630,False,179.99,,wikidata_no_qid
CPU,Intel,Core i5-750S,4,2400000000,,82,,False,0.0,,wikidata_no_qid
CPU,Intel,Core i5-760,4,2800000000,,95,,False,144.03,,wikidata_no_socket
CPU,Intel,Core i5-7600,4,3500000000,4099999999.0,65,Intel HD Graphics 630,False,269.98,,wikidata_no_qid
CPU,Intel,Core i5-7600,4,3500000000,4099999999.0,65,Intel HD Graphics 630,False,0.0,,wikidata_no_qid
CPU,Intel,Core i5-7600K,4,3800000000,4200000000.0,91,Intel HD Graphics 630,False,0.0,,wikidata_no_qid
CPU,Intel,Core i5-7600K,4,3800000000,4200000000.0,91,Intel HD Graphics 630,False,319.75,,wikidata_no_qid
CPU,Intel,Core i5-7600T,4,2800000000,3700000000.0,35,Intel HD Graphics 630,False,0.0,,wikidata_no_qid
CPU,Intel,Core i5-7600T,4,2800000000,3700000000.0,35,Intel HD Graphics 630,False,727.0,,wikidata_no_qid
CPU,Intel,Core i5-7640X,4,4000000000,4200000000.0,112,,False,0.0,,wikidata_no_qid
CPU,Intel,Core i5-7640X,4,4000000000,4200000000.0,112,,False,234.4,,wikidata_no_qid
CPU,Intel,Core i5-7640X,4,4000000000,4200000000.0,112,,False,237.96,,wikidata_no_qid
CPU,Intel,Core i5-8400,6,2800000000,4000000000.0,65,Intel UHD Graphics 630,False,227.92,,wikidata_no_qid
CPU,Intel,Core i5-8400,6,2800000000,4000000000.0,65,Intel UHD Graphics 630,False,188.5,,wikidata_no_qid
CPU,Intel,Core i5-8400T,6,1700000000,3300000000.0,35,Intel UHD Graphics 630,False,199.82,,wikidata_no_qid
CPU,Intel,Core i5-8500,6,3000000000,4099999999.0,65,Intel UHD Graphics 630,False,269.77,,wikidata_no_qid
CPU,Intel,Core i5-8500,6,3000000000,4099999999.0,65,Intel UHD Graphics 630,False,314.98,,wikidata_no_qid
CPU,Intel,Core i5-8500T,6,2100000000,3500000000.0,35,Intel UHD Graphics 630,False,217.38,,wikidata_no_qid
CPU,Intel,Core i5-8600,6,3100000000,4300000000.0,65,Intel UHD Graphics 630,False,0.0,,wikidata_no_qid
CPU,Intel,Core i5-8600,6,3100000000,4300000000.0,65,Intel UHD Graphics 630,False,242.73,,wikidata_no_qid
CPU,Intel,Core i5-8600K,6,3600000000,4300000000.0,95,Intel UHD Graphics 630,False,0.0,,wikidata_no_qid
CPU,Intel,Core i5-8600K,6,3600000000,4300000000.0,95,Intel UHD Graphics 630,False,223.0,,wikidata_no_qid
CPU,Intel,Core i5-8600T,6,2300000000,3700000000.0,35,Intel UHD Graphics 630,False,199.99,,wikidata_no_qid
CPU,Intel,Core i5-9400,6,2900000000,4099999999.0,65,Intel UHD Graphics 630,False,159.99,,wikidata_no_qid
CPU,Intel,Core i5-9400,6,2900000000,4099999999.0,65,Intel UHD Graphics 630,False,0.0,,wikidata_no_qid
CPU,Intel,Core i5-9400F,6,2900000000,4099999999.0,65,,False,0.0,,wikidata_no_qid
CPU,Intel,Core i5-9400F,6,2900000000,4099999999.0,65,,False,139.99,,wikidata_no_qid
CPU,Intel,Core i5-9400T,6,1800000000,3400000000.0,35,Intel UHD Graphics 630,False,0.0,,wikidata_no_qid
CPU,Intel,Core i5-9500,6,3000000000,4400000000.0,65,Intel UHD Graphics 630,False,0.0,,wikidata_no_qid
CPU,Intel,Core i5-9500,6,3000000000,4400000000.0,65,Intel UHD Graphics 630,False,205.0,,wikidata_no_qid
CPU,Intel,Core i5-9500F,6,3000000000,4400000000.0,65,,False,236.34,,wikidata_no_qid
CPU,Intel,Core i5-9500F,6,3000000000,4400000000.0,65,,False,0.0,,wikidata_no_qid
CPU,Intel,Core i5-9500T,6,2200000000,3700000000.0,35,Intel UHD Graphics 630,False,0.0,,wikidata_no_qid
CPU,Intel,Core i5-9600,6,3100000000,4600000000.0,65,Intel UHD Graphics 630,False,233.42,LGA 1151,wikidata_P1041
CPU,Intel,Core i5-9600,6,3100000000,4600000000.0,65,Intel UHD Graphics 630,False,0.0,LGA 1151,wikidata_P1041
CPU,Intel,Core i5-9600K,6,3700000000,4600000000.0,95,Intel UHD Graphics 630,False,304.02,LGA 1151,wikidata_P1041
CPU,Intel,Core i5-9600K,6,3700000000,4600000000.0,95,Intel UHD Graphics 630,False,194.59,LGA 1151,wikidata_P1041
CPU,Intel,Core i5-9600K,6,3700000000,4600000000.0,95,Intel UHD Graphics 630,False,0.0,LGA 1151,wikidata_P1041
CPU,Intel,Core i5-9600KF,6,3700000000,4600000000.0,95,,False,199.99,,wikidata_no_qid
CPU,Intel,Core i5-9600KF,6,3700000000,4600000000.0,95,,False,0.0,,wikidata_no_qid
CPU,Intel,Core i5-9600T,6,2300000000,3900000000.0,35,Intel UHD Graphics 630,False,0.0,,wikidata_no_qid
CPU,Intel,Core i7-10700,8,2900000000,4800000000.0,65,Intel UHD Graphics 630,True,324.99,,wikidata_no_qid
CPU,Intel,Core i7-10700F,8,2900000000,4800000000.0,65,,True,310.0,,wikidata_no_qid
CPU,Intel,Core i7-10700K,8,3800000000,5100000000.0,125,Intel UHD Graphics 630,True,329.99,,wikidata_no_qid
CPU,Intel,Core i7-10700KF,8,3800000000,5100000000.0,125,,True,359.99,,wikidata_no_qid
CPU,Intel,Core i7-2600,4,3400000000,,95,Intel HD Graphics 2000,True,200.13,,wikidata_no_qid
CPU,Intel,Core i7-2600K,4,3400000000,,95,Intel HD Graphics 3000,True,304.29,,wikidata_no_qid
CPU,Intel,Core i7-2600S,4,2800000000,,65,Intel HD Graphics 2000,True,291.76,,wikidata_no_qid
CPU,Intel,Core i7-2700K,4,3500000000,,95,Intel HD Graphics 3000,True,223.0,,wikidata_no_qid
CPU,Intel,Core i7-3770,4,3400000000,,77,Intel HD Graphics 4000,True,200.0,LGA 1151,wikidata_P1041
CPU,Intel,Core i7-3770K,4,3500000000,,77,Intel HD Graphics 4000,True,327.98,,wikidata_no_qid
CPU,Intel,Core i7-3770S,4,3100000000,,65,Intel HD Graphics 4000,True,353.86,,wikidata_no_qid
CPU,Intel,Core i7-3770T,4,2500000000,3700000000.0,45,Intel HD Graphics 4000,True,0.0,,wikidata_no_qid
CPU,Intel,Core i7-3820,4,3600000000,,130,,True,0.0,,wikidata_no_qid
CPU,Intel,Core i7-3930K,6,3200000000,,130,,True,535.09,,wikidata_no_qid
CPU,Intel,Core i7-3960X Extreme Edition,6,3300000000,,130,,True,629.99,,wikidata_no_qid
CPU,Intel,Core i7-3970X Extreme Edition,6,3500000000,,150,,True,599.99,,wikidata_no_qid
CPU,Intel,Core i7-4770,4,3400000000,3900000000.0,84,Intel HD Graphics 4600,True,354.98,FCBGA,wikidata_P1041
CPU,Intel,Core i7-4770K,4,3500000000,3900000000.0,84,Intel HD Graphics 4600,True,250.0,,wikidata_no_qid
CPU,Intel,Core i7-4770K,4,3500000000,3900000000.0,84,Intel HD Graphics 4600,True,326.01,,wikidata_no_qid
CPU,Intel,Core i7-4770K,4,3500000000,3900000000.0,84,Intel HD Graphics 4600,True,259.35,,wikidata_no_qid
CPU,Intel,Core i7-4770S,4,3100000000,,65,Intel HD Graphics 4600,True,900.0,,wikidata_no_qid
CPU,Intel,Core i7-4770T,4,2500000000,,45,Intel HD Graphics 4600,True,0.0,,wikidata_no_qid
CPU,Intel,Core i7-4771,4,3500000000,3900000000.0,84,Intel HD Graphics 4600,True,0.0,,wikidata_no_socket
CPU,Intel,Core i7-4790,4,3600000000,4000000000.0,84,Intel HD Graphics 4600,True,232.03,,wikidata_no_qid
CPU,Intel,Core i7-4790,4,3600000000,4000000000.0,84,Intel HD Graphics 4600,True,0.0,,wikidata_no_qid
CPU,Intel,Core i7-4790K,4,4000000000,4400000000.0,88,Intel HD Graphics 4600,True,278.83,,wikidata_no_qid
CPU,Intel,Core i7-4790K,4,4000000000,4400000000.0,88,Intel HD Graphics 4600,True,299.99,,wikidata_no_qid
CPU,Intel,Core i7-4790K,4,4000000000,4400000000.0,88,Intel HD Graphics 4600,True,0.0,,wikidata_no_qid
CPU,Intel,Core i7-4790S,4,3200000000,4000000000.0,65,Intel HD Graphics 4000,True,0.0,,wikidata_no_qid
CPU,Intel,Core i7-4790T,4,2700000000,3900000000.0,45,,True,203.86,,wikidata_no_qid
CPU,Intel,Core i7-4820K,4,3700000000,3900000000.0,130,,True,0.0,,wikidata_no_qid
CPU,Intel,Core i7-4930K,6,3400000000,3900000000.0,130,,True,0.0,,wikidata_no_qid
CPU,Intel,Core i7-4960X Extreme Edition,6,3600000000,4000000000.0,130,,True,1805.04,,wikidata_no_qid
CPU,Intel,Core i7-5775C,4,3300000000,3700000000.0,65,Iris Pro Graphics 6200,True,0.0,,wikidata_no_qid
CPU,Intel,Core i7-5820K,6,3300000000,3600000000.0,140,,True,0.0,,wikidata_no_qid
CPU,Intel,Core i7-5930K,6,3500000000,3700000000.0,140,,True,0.0,,wikidata_no_qid
CPU,Intel,Core i7-5960X,8,3000000000,3500000000.0,140,,True,0.0,,wikidata_no_qid
CPU,Intel,Core i7-6700,4,3400000000,4000000000.0,65,Intel HD Graphics 530,True,419.99,LGA 1151,wikidata_P1041
CPU,Intel,Core i7-6700,4,3400000000,4000000000.0,65,Intel HD Graphics 530,True,319.98,LGA 1151,wikidata_P1041
CPU,Intel,Core i7-6700K,4,4000000000,4200000000.0,91,Intel HD Graphics 530,True,0.0,,wikidata_no_qid
CPU,Intel,Core i7-6700K,4,4000000000,4200000000.0,91,Intel HD Graphics 530,True,276.0,,wikidata_no_qid
CPU,Intel,Core i7-6700T,4,2800000000,3600000000.0,35,Intel HD Graphics 530,True,0.0,,wikidata_no_qid
CPU,Intel,Core i7-6800K,6,3400000000,3600000000.0,140,,True,0.0,,wikidata_no_qid
CPU,Intel,Core i7-6800K,6,3400000000,3600000000.0,140,,True,359.98,,wikidata_no_qid
CPU,Intel,Core i7-6800K,6,3400000000,3600000000.0,140,,True,448.64,,wikidata_no_qid
CPU,Intel,Core i7-6850K,6,3600000000,3800000000.0,140,,True,0.0,,wikidata_no_qid
CPU,Intel,Core i7-6850K,6,3600000000,3800000000.0,140,,True,450.0,,wikidata_no_qid
CPU,Intel,Core i7-6900K,8,3200000000,3700000000.0,140,,True,1065.05,,wikidata_no_qid
CPU,Intel,Core i7-6900K,8,3200000000,3700000000.0,140,,True,0.0,,wikidata_no_qid
CPU,Intel,Core i7-6900K,8,3200000000,3700000000.0,140,,True,568.0,,wikidata_no_qid
CPU,Intel,Core i7-6950X,10,3000000000,3500000000.0,140,,True,0.0,,wikidata_no_qid
CPU,Intel,Core i7-6950X,10,3000000000,3500000000.0,140,,True,939.99,,wikidata_no_qid
CPU,Intel,Core i7-6950X,10,3000000000,3500000000.0,140,,True,1147.98,,wikidata_no_qid
CPU,Intel,Core i7-7700,4,3600000000,4200000000.0,65,Intel HD Graphics 630,True,349.8,LGA 1151,wikidata_P1041
CPU,Intel,Core i7-7700,4,3600000000,4200000000.0,65,Intel HD Graphics 630,True,419.0,LGA 1151,wikidata_P1041
CPU,Intel,Core i7-7700K,4,4200000000,4500000000.0,91,Intel HD Graphics 630,True,0.0,LGA 1151,wikidata_P1041
CPU,Intel,Core i7-7700T,4,2900000000,3800000000.0,35,Intel HD Graphics 630,True,387.99,LGA 1151,wikidata_P1041
CPU,Intel,Core i7-7700T,4,2900000000,3800000000.0,35,Intel HD Graphics 630,True,0.0,LGA 1151,wikidata_P1041
CPU,Intel,Core i7-7740X,4,4300000000,4500000000.0,112,,True,219.95,,wikidata_no_qid
CPU,Intel,Core i7-7740X,4,4300000000,4500000000.0,112,,True,0.0,,wikidata_no_qid
CPU,Intel,Core i7-7740X,4,4300000000,4500000000.0,112,,True,280.49,,wikidata_no_qid
CPU,Intel,Core i7-7800X,6,3500000000,4000000000.0,140,,True,699.99,,wikidata_no_socket
CPU,Intel,Core i7-7800X,6,3500000000,4000000000.0,140,,True,453.95,,wikidata_no_socket
CPU,Intel,Core i7-7800X,6,3500000000,4000000000.0,140,,True,0.0,,wikidata_no_socket
CPU,Intel,Core i7-7820X,8,3600000000,4500000000.0,140,,True,799.75,,wikidata_no_socket
CPU,Intel,Core i7-7820X,8,3600000000,4500000000.0,140,,True,0.0,,wikidata_no_socket
CPU,Intel,Core i7-7820X,8,3600000000,4500000000.0,140,,True,944.42,,wikidata_no_socket
CPU,Intel,Core i7-8086K,6,4000000000,5000000000.0,95,Intel UHD Graphics 630,True,699.0,LGA 1151,wikidata_P1041
CPU,Intel,Core i7-860,4,2800000000,,95,,True,0.0,LGA 1156,wikidata_P1041
CPU,Intel,Core i7-860S,4,2530000000,,82,,True,0.0,LGA 1156,wikidata_P1041
CPU,Intel,Core i7-860S,4,2530000000,,82,,True,120.0,LGA 1156,wikidata_P1041
CPU,Intel,Core i7-870,4,2930000000,,95,,True,195.1,LGA 1156,wikidata_P1041
CPU,Intel,Core i7-870,4,2930000000,,95,,True,203.97,LGA 1156,wikidata_P1041
CPU,Intel,Core i7-8700,6,3200000000,4600000000.0,65,Intel UHD Graphics 630,True,319.99,,wikidata_no_socket
CPU,Intel,Core i7-8700,6,3200000000,4600000000.0,65,Intel UHD Graphics 630,True,355.93,,wikidata_no_socket
CPU,Intel,Core i7-8700K,6,3700000000,4700000000.0,95,Intel UHD Graphics 630,True,372.47,LGA 1151,wikidata_P1041
CPU,Intel,Core i7-8700K,6,3700000000,4700000000.0,95,Intel UHD Graphics 630,True,299.99,LGA 1151,wikidata_P1041
CPU,Intel,Core i7-8700T,6,2400000000,4000000000.0,35,Intel UHD Graphics 630,True,298.99,,wikidata_no_qid
CPU,Intel,Core i7-870S,4,2667000000,,82,,True,0.0,LGA 1156,wikidata_P1041
CPU,Intel,Core i7-875K,4,2930000000,,95,,True,353.97,LGA 1156,wikidata_P1041
CPU,Intel,Core i7-880,4,3060000000,,95,,True,0.0,LGA 1156,wikidata_P1041
CPU,Intel,Core i7-920,4,2660000000,,130,,True,354.71,LGA 1366,wikidata_P1041
CPU,Intel,Core i7-920,4,2660000000,,130,,True,235.6,LGA 1366,wikidata_P1041
CPU,Intel,Core i7-930,4,2800000000,,130,,True,0.0,LGA 1366,wikidata_P1041
CPU,Intel,Core i7-930,4,2800000000,,130,,True,76.7,LGA 1366,wikidata_P1041
CPU,Intel,Core i7-940,4,2930000000,,130,,True,0.0,LGA 1366,wikidata_P1041
CPU,Intel,Core i7-940,4,2930000000,,130,,True,349.99,LGA 1366,wikidata_P1041
CPU,Intel,Core i7-950,4,3060000000,,130,,True,353.97,LGA 1366,wikidata_P1041
CPU,Intel,Core i7-960,4,3200000000,,130,,True,270.0,,wikidata_no_socket
CPU,Intel,Core i7-965 Extreme Edition,4,3200000000,,130,,True,998.95,LGA 1366,wikidata_P1041
CPU,Intel,Core i7-965 Extreme Edition,4,3200000000,,130,,True,0.0,LGA 1366,wikidata_P1041
CPU,Intel,Core i7-970,6,3200000000,,130,,True,494.06,,wikidata_no_qid
CPU,Intel,Core i7-9700,8,3000000000,4700000000.0,65,Intel HD Graphics 630,False,254.99,,wikidata_no_qid
CPU,Intel,Core i7-9700,8,3000000000,4700000000.0,65,Intel HD Graphics 630,False,321.47,,wikidata_no_qid
CPU,Intel,Core i7-9700F,8,3000000000,4700000000.0,65,,False,314.19,,wikidata_no_qid
CPU,Intel,Core i7-9700F,8,3000000000,4700000000.0,65,,False,259.39,,wikidata_no_qid
CPU,Intel,Core i7-9700K,8,3600000000,4900000000.0,95,Intel UHD Graphics 630,False,399.0,,wikidata_no_qid
CPU,Intel,Core i7-9700K,8,3600000000,4900000000.0,95,Intel UHD Graphics 630,False,269.0,,wikidata_no_qid
CPU,Intel,Core i7-9700KF,8,3600000000,4900000000.0,95,,False,299.0,,wikidata_no_qid
CPU,Intel,Core i7-9700T,8,2000000000,4300000000.0,35,Intel HD Graphics 630,False,0.0,,wikidata_no_qid
CPU,Intel,Core i7-975 Extreme Edition,4,3330000000,,130,,True,549.99,LGA 1366,wikidata_P1041
CPU,Intel,Core i7-980,6,3333000000,,130,,True,1105.02,,wikidata_no_socket
CPU,Intel,Core i7-9800X,8,3800000000,4500000000.0,165,,True,399.99,,wikidata_no_qid
CPU,Intel,Core i7-9800X,8,3800000000,4500000000.0,165,,True,0.0,,wikidata_no_qid
CPU,Intel,Core i7-980X Extreme Edition,6,3330000000,,130,,True,1106.07,,wikidata_no_qid
CPU,Intel,Core i7-990X Extreme Edition,6,3467000000,,130,,True,0.0,,wikidata_no_qid
CPU,Intel,Core i9-10850K,10,3600000000,5200000000.0,125,Intel UHD Graphics 630,True,389.99,,wikidata_no_qid
CPU,Intel,Core i9-10850K,10,3600000000,5200000000.0,125,Intel UHD Graphics 630,True,486.63,,wikidata_no_qid
CPU,Intel,Core i9-10850KA Avengers Limited Edition,10,3600000000,5200000000.0,125,Intel UHD Graphics 630,True,484.99,,wikidata_no_qid
CPU,Intel,Core i9-10900,10,2800000000,5200000000.0,65,Intel UHD Graphics 630,True,469.79,,wikidata_no_socket
CPU,Intel,Core i9-10900F,10,2800000000,5200000000.0,65,,True,419.99,,wikidata_no_qid
CPU,Intel,Core i9-10900K,10,3700000000,5300000000.0,125,Intel UHD Graphics 630,True,539.99,,wikidata_no_socket
CPU,Intel,Core i9-10900KF,10,3700000000,5300000000.0,125,,True,529.95,,wikidata_no_qid
CPU,Intel,Core i9-10900X,10,3700000000,4700000000.0,165,,True,562.0,,wikidata_no_qid
CPU,Intel,Core i9-10920X,12,3500000000,4800000000.0,165,,True,642.0,,wikidata_no_qid
CPU,Intel,Core i9-10940X,14,3300000000,4800000000.0,165,,True,799.0,,wikidata_no_qid
CPU,Intel,Core i9-10980XE,18,3000000000,4800000000.0,165,,True,969.99,,wikidata_no_qid
CPU,Intel,Core i9-7900X,10,3300000000,4500000000.0,140,,True,0.0,,wikidata_no_qid
CPU,Intel,Core i9-7900X,10,3300000000,4500000000.0,140,,True,698.99,,wikidata_no_qid
CPU,Intel,Core i9-7900X,10,3300000000,4500000000.0,140,,True,1804.05,,wikidata_no_qid
CPU,Intel,Core i9-7920X,12,2900000000,4400000000.0,140,,True,675.46,,wikidata_no_qid
CPU,Intel,Core i9-7920X,12,2900000000,4400000000.0,140,,True,0.0,,wikidata_no_qid
CPU,Intel,Core i9-7940X,14,3100000000,4400000000.0,165,,True,0.0,,wikidata_no_qid
CPU,Intel,Core i9-7960X,16,2800000000,4400000000.0,165,,True,1170.0,,wikidata_no_qid
CPU,Intel,Core i9-7960X,16,2800000000,4400000000.0,165,,True,2705.09,,wikidata_no_qid
CPU,Intel,Core i9-7980XE,18,2600000000,4400000000.0,165,,True,2779.0,,wikidata_no_qid
CPU,Intel,Core i9-7980XE,18,2600000000,4400000000.0,165,,True,1600.0,,wikidata_no_qid
CPU,Intel,Core i9-9820X,10,3300000000,4099999999.0,165,,True,0.0,,wikidata_no_qid
CPU,Intel,Core i9-9820X,10,3300000000,4099999999.0,165,,True,536.0,,wikidata_no_qid
CPU,Intel,Core i9-9900,8,3100000000,5000000000.0,65,Intel UHD Graphics 630,True,399.99,LGA 1151,wikidata_P1041
CPU,Intel,Core i9-9900,8,3100000000,5000000000.0,65,Intel UHD Graphics 630,True,0.0,LGA 1151,wikidata_P1041
CPU,Intel,Core i9-9900K,8,3600000000,5000000000.0,95,Intel UHD Graphics 630,True,339.99,LGA 1151,wikidata_P1041
CPU,Intel,Core i9-9900K,8,3600000000,5000000000.0,95,Intel UHD Graphics 630,True,586.0,LGA 1151,wikidata_P1041
CPU,Intel,Core i9-9900K (Standard Folding Box),8,3600000000,5000000000.0,95,Intel UHD Graphics 630,True,334.99,LGA 1151,cache
CPU,Intel,Core i9-9900KF,8,3600000000,5000000000.0,95,,True,329.99,,wikidata_no_qid
CPU,Intel,Core i9-9900KS,8,4000000000,5000000000.0,127,Intel UHD Graphics 630,True,1965.0,,wikidata_no_qid
CPU,Intel,Core i9-9900T,8,2100000000,4400000000.0,35,Intel UHD Graphics 630,True,0.0,,wikidata_no_qid
CPU,Intel,Core i9-9900X,10,3500000000,4400000000.0,165,,True,587.49,,wikidata_no_qid
CPU,Intel,Core i9-9900X,10,3500000000,4400000000.0,165,,True,602.0,,wikidata_no_qid
CPU,Intel,Core i9-9920X,12,3500000000,4400000000.0,165,,True,478.5,,wikidata_no_qid
CPU,Intel,Core i9-9920X,12,3500000000,4400000000.0,165,,True,669.6,,wikidata_no_qid
CPU,Intel,Core i9-9940X,14,3300000000,4400000000.0,165,,True,799.99,,wikidata_no_qid
CPU,Intel,Core i9-9940X,14,3300000000,4400000000.0,165,,True,745.98,,wikidata_no_qid
CPU,Intel,Core i9-9960X,16,3100000000,4400000000.0,165,,True,885.99,,wikidata_no_qid
CPU,Intel,Core i9-9960X,16,3100000000,4400000000.0,165,,True,759.99,,wikidata_no_qid
CPU,Intel,Core i9-9980XE,18,3000000000,4400000000.0,165,,True,1054.0,,wikidata_no_qid
CPU,Intel,Core i9-9980XE,18,3000000000,4400000000.0,165,,True,1136.04,,wikidata_no_qid
CPU,Intel,Pentium E2140,2,1600000000,,65,,False,102.59,,wikidata_no_qid
CPU,Intel,Pentium E2140,2,1600000000,,65,,False,0.0,,wikidata_no_qid
CPU,Intel,Pentium E2160,2,1800000000,,65,,False,0.0,,wikidata_no_qid
CPU,Intel,Pentium E2180,2,2000000000,,65,,False,134.97,,wikidata_no_qid
CPU,Intel,Pentium E2180,2,2000000000,,65,,False,0.0,,wikidata_no_qid
CPU,Intel,Pentium E2200,2,2200000000,,65,,False,54.0,,wikidata_no_qid
CPU,Intel,Pentium E2200,2,2200000000,,65,,False,168.59,,wikidata_no_qid
CPU,Intel,Pentium E2220,2,2400000000,,65,,False,37.64,,wikidata_no_qid
CPU,Intel,Pentium E2220,2,2400000000,,65,,False,0.0,,wikidata_no_qid
CPU,Intel,Pentium E5200,2,2500000000,,65,,False,0.0,,wikidata_no_qid
CPU,Intel,Pentium E5300,2,2600000000,,65,,False,59.49,,wikidata_no_qid
CPU,Intel,Pentium E5300,2,2600000000,,65,,False,79.4,,wikidata_no_qid
CPU,Intel,Pentium E5400,2,2700000000,,65,,False,0.0,,wikidata_no_qid
CPU,Intel,Pentium E5400,2,2700000000,,65,,False,75.0,,wikidata_no_qid
CPU,Intel,Pentium E5500,2,2800000000,,65,,False,0.0,,wikidata_no_qid
CPU,Intel,Pentium E5700,2,3000000000,,65,,False,0.0,,wikidata_no_qid
CPU,Intel,Pentium E5800,2,3200000000,,65,,False,0.0,,wikidata_no_qid
CPU,Intel,Pentium E6300,2,2800000000,,65,,False,119.95,,wikidata_no_qid
CPU,Intel,Pentium E6300,2,2800000000,,65,,False,99.7,,wikidata_no_qid
CPU,Intel,Pentium E6500,2,2930000000,,65,,False,0.0,,wikidata_no_qid
CPU,Intel,Pentium E6500,2,2930000000,,65,,False,95.71,,wikidata_no_qid
CPU,Intel,Pentium E6600,2,3060000000,,65,,False,0.0,,wikidata_no_qid
CPU,Intel,Pentium E6600,2,3060000000,,65,,False,99.99,,wikidata_no_qid
CPU,Intel,Pentium E6700,2,3200000000,,65,,False,0.0,,wikidata_no_qid
CPU,Intel,Pentium E6800,2,3333000000,,65,,False,0.0,,wikidata_no_qid
CPU,Intel,Pentium G2010,2,2800000000,,55,Intel HD Graphics,False,0.0,,wikidata_no_qid
CPU,Intel,Pentium G2020,2,2900000000,,55,Intel HD Graphics,False,50.0,,wikidata_no_qid
CPU,Intel,Pentium G2030,2,3000000000,,55,Intel HD Graphics,False,0.0,,wikidata_no_qid
CPU,Intel,Pentium G2120,2,3100000000,,55,Intel HD Graphics,False,74.98,,wikidata_no_qid
CPU,Intel,Pentium G2130,2,3200000000,,55,Intel HD Graphics,False,0.0,,wikidata_no_qid
CPU,Intel,Pentium G2140,2,3300000000,,55,Intel HD Graphics,False,45.0,,wikidata_no_qid
CPU,Intel,Pentium G3220,2,3000000000,,54,Intel HD Graphics,False,0.0,,wikidata_no_qid
CPU,Intel,Pentium G3240,2,3100000000,,53,Intel HD Graphics,False,0.0,,wikidata_no_qid
CPU,Intel,Pentium G3250,2,3200000000,,53,Intel HD Graphics,False,0.0,,wikidata_no_qid
CPU,Intel,Pentium G3250T,2,2800000000,,35,Intel HD Graphics,False,0.0,,wikidata_no_qid
CPU,Intel,Pentium G3258,2,3200000000,,53,Intel HD Graphics,False,106.59,,wikidata_no_qid
CPU,Intel,Pentium G3258,2,3200000000,,53,Intel HD Graphics,False,0.0,,wikidata_no_qid
CPU,Intel,Pentium G3260,2,3300000000,,53,Intel HD Graphics,False,0.0,,wikidata_no_qid
CPU,Intel,Pentium G3420,2,3200000000,,54,Intel HD Graphics,False,0.0,,wikidata_no_qid
CPU,Intel,Pentium G3420,2,3200000000,,54,Intel HD Graphics,False,111.5,,wikidata_no_qid
CPU,Intel,Pentium G3430,2,3300000000,,54,Intel HD Graphics,False,0.0,,wikidata_no_qid
CPU,Intel,Pentium G3440,2,3300000000,,53,Intel HD Graphics,False,0.0,,wikidata_no_qid
CPU,Intel,Pentium G3450,2,3400000000,,53,Intel HD Graphics,False,0.0,,wikidata_no_qid
CPU,Intel,Pentium G3460,2,3500000000,,53,Intel HD Graphics,False,106.37,,wikidata_no_qid
CPU,Intel,Pentium G3460,2,3500000000,,53,Intel HD Graphics,False,0.0,,wikidata_no_qid
CPU,Intel,Pentium G3470,2,3600000000,,53,Intel HD Graphics,False,0.0,,wikidata_no_qid
CPU,Intel,Pentium G3470,2,3600000000,,53,Intel HD Graphics,False,153.1,,wikidata_no_qid
CPU,Intel,Pentium G4400,2,3300000000,,54,Intel HD Graphics 510,False,0.0,,wikidata_no_qid
CPU,Intel,Pentium G4400,2,3300000000,,54,Intel HD Graphics 510,False,119.99,,wikidata_no_qid
CPU,Intel,Pentium G4400T,2,2900000000,,35,Intel HD Graphics 510,False,0.0,,wikidata_no_qid
CPU,Intel,Pentium G4500,2,3500000000,,51,Intel HD Graphics 530,False,0.0,,wikidata_no_qid
CPU,Intel,Pentium G4500T,2,3000000000,,35,Intel HD Graphics 530,False,0.0,,wikidata_no_qid
CPU,Intel,Pentium G4520,2,3600000000,,51,Intel HD Graphics 530,False,0.0,,wikidata_no_qid
CPU,Intel,Pentium G4520,2,3600000000,,51,Intel HD Graphics 530,False,249.0,,wikidata_no_qid
CPU,Intel,Pentium G4560,2,3500000000,,54,Intel HD Graphics 610,True,69.23,,wikidata_no_qid
CPU,Intel,Pentium G4560,2,3500000000,,54,Intel HD Graphics 610,True,79.74,,wikidata_no_qid
CPU,Intel,Pentium G4560T,2,2900000000,,35,Intel HD Graphics 610,True,223.0,,wikidata_no_qid
CPU,Intel,Pentium G4600,2,3600000000,,51,Intel HD Graphics 630,True,92.64,,wikidata_no_qid
CPU,Intel,Pentium G4600,2,3600000000,,51,Intel HD Graphics 630,True,229.95,,wikidata_no_qid
CPU,Intel,Pentium G4600T,2,3000000000,,35,Intel HD Graphics 630,True,0.0,,wikidata_no_qid
CPU,Intel,Pentium G4620,2,3700000000,,51,Intel HD Graphics 630,True,197.99,,wikidata_no_qid
CPU,Intel,Pentium G4620,2,3700000000,,51,Intel HD Graphics 630,True,0.0,,wikidata_no_qid
CPU,Intel,Pentium G550,2,2600000000,,65,Intel HD Graphics,False,0.0,,wikidata_no_qid
CPU,Intel,Pentium G620,2,2600000000,,65,Intel HD Graphics,False,0.0,LGA 1155,wikidata_P1041
CPU,Intel,Pentium G620T,2,2200000000,,35,Intel HD Graphics,False,0.0,,wikidata_no_qid
CPU,Intel,Pentium G630,2,2700000000,,65,Intel HD Graphics,False,60.0,,wikidata_no_qid
CPU,Intel,Pentium G630T,2,2300000000,,35,Intel HD Graphics,False,75.0,,wikidata_no_qid
CPU,Intel,Pentium G640,2,2800000000,,65,Intel HD Graphics,False,30.0,,wikidata_no_qid
CPU,Intel,Pentium G640T,2,2400000000,,35,Intel HD Graphics,False,83.99,,wikidata_no_qid
CPU,Intel,Pentium G645,2,2900000000,,65,Intel HD Graphics 2500,False,93.35,,wikidata_no_qid
CPU,Intel,Pentium G6950,2,2800000000,,73,Intel HD Graphics,False,78.98,,wikidata_no_qid
CPU,Intel,Pentium G840,2,2800000000,,65,Intel HD Graphics,False,0.0,,wikidata_no_qid
CPU,Intel,Pentium G850,2,2900000000,,65,Intel HD Graphics,False,191.97,,wikidata_no_qid
CPU,Intel,Pentium G860,2,3000000000,,65,Intel HD Graphics,False,72.98,,wikidata_no_qid
CPU,Intel,Pentium G870,2,3100000000,,65,Intel HD Graphics,False,77.0,,wikidata_no_qid
CPU,Intel,Pentium Gold G5400,2,3700000000,,58,Intel UHD Graphics 610,True,0.0,,wikidata_no_qid
CPU,Intel,Pentium Gold G5400,2,3700000000,,58,Intel UHD Graphics 610,True,73.59,,wikidata_no_qid
CPU,Intel,Pentium Gold G5400T,2,3100000000,,35,Intel UHD Graphics 610,True,0.0,,wikidata_no_qid
CPU,Intel,Pentium Gold G5420,2,3800000000,,54,Intel UHD Graphics 610,True,69.88,,wikidata_no_qid
CPU,Intel,Pentium Gold G5500,2,3800000000,,54,Intel UHD Graphics 630,True,93.11,,wikidata_no_qid
CPU,Intel,Pentium Gold G5500,2,3800000000,,54,Intel UHD Graphics 630,True,0.0,,wikidata_no_qid
CPU,Intel,Pentium Gold G5500T,2,3200000000,,35,Intel UHD Graphics 630,True,0.0,,wikidata_no_qid
CPU,Intel,Pentium Gold G5600,2,3900000000,,54,Intel UHD Graphics 630,True,0.0,,wikidata_no_qid
CPU,Intel,Pentium Gold G6400,2,4000000000,,58,Intel UHD Graphics 610,True,84.77,,wikidata_no_qid
CPU,Intel,Pentium Gold G6500,2,4099999999,,58,Intel UHD Graphics 630,True,0.0,,wikidata_no_qid
CPU,Intel,Pentium Gold G6600,2,4200000000,,58,Intel UHD Graphics 630,True,0.0,,wikidata_no_qid
CPU,Intel,Xeon E-2104G,4,3200000000,,65,Intel HD Graphics P630,False,0.0,,wikidata_no_qid
CPU,Intel,Xeon E-2124,4,3300000000,4300000000.0,71,,False,211.45,,wikidata_no_qid
CPU,Intel,Xeon E-2124,4,3300000000,4300000000.0,71,,False,0.0,,wikidata_no_qid
CPU,Intel,Xeon E-2124G,4,3400000000,4500000000.0,71,Intel HD Graphics P630,False,242.97,,wikidata_no_qid
CPU,Intel,Xeon E-2124G,4,3400000000,4500000000.0,71,Intel HD Graphics P630,False,237.49,,wikidata_no_qid
CPU,Intel,Xeon E-2126G,6,3300000000,4500000000.0,80,Intel HD Graphics P630,False,287.93,,wikidata_no_qid
CPU,Intel,Xeon E-2134,4,3500000000,4500000000.0,71,,True,266.55,,wikidata_no_qid
CPU,Intel,Xeon E-2134,4,3500000000,4500000000.0,71,,True,0.0,,wikidata_no_qid
CPU,Intel,Xeon E-2136,6,3300000000,4500000000.0,80,,True,0.0,,wikidata_no_qid
CPU,Intel,Xeon E-2136,6,3300000000,4500000000.0,80,,True,301.33,,wikidata_no_qid
CPU,Intel,Xeon E-2144G,4,3600000000,4500000000.0,71,Intel HD Graphics P630,True,330.65,,wikidata_no_qid
CPU,Intel,Xeon E-2146G,6,3500000000,4500000000.0,80,Intel HD Graphics P630,True,330.09,,wikidata_no_qid
CPU,Intel,Xeon E-2146G,6,3500000000,4500000000.0,80,Intel HD Graphics P630,True,347.32,,wikidata_no_qid
CPU,Intel,Xeon E-2174G,4,3800000000,4700000000.0,71,Intel HD Graphics P630,True,403.37,,wikidata_no_qid
CPU,Intel,Xeon E-2174G,4,3800000000,4700000000.0,71,Intel HD Graphics P630,True,363.8,,wikidata_no_qid
CPU,Intel,Xeon E-2176G,6,3700000000,4700000000.0,80,Intel HD Graphics P630,True,412.08,,wikidata_no_qid
CPU,Intel,Xeon E-2176G,6,3700000000,4700000000.0,80,Intel HD Graphics P630,True,394.7,,wikidata_no_qid
CPU,Intel,Xeon E-2236,6,3400000000,4800000000.0,80,,True,329.63,,wikidata_no_qid
CPU,Intel,Xeon E-2236,6,3400000000,4800000000.0,80,,True,0.0,,wikidata_no_qid
CPU,Intel,Xeon E-2244G,4,3800000000,4800000000.0,71,Intel HD Graphics P630,True,0.0,,wikidata_no_qid
CPU,Intel,Xeon E-2246G,6,3600000000,4800000000.0,80,Intel HD Graphics P630,True,0.0,,wikidata_no_qid
CPU,Intel,Xeon E-2274G,4,4000000000,4900000000.0,83,Intel HD Graphics P630,True,364.05,,wikidata_no_qid
CPU,Intel,Xeon E-2274G,4,4000000000,4900000000.0,83,Intel HD Graphics P630,True,0.0,,wikidata_no_qid
CPU,Intel,Xeon E-2276G,6,3800000000,4900000000.0,80,Intel HD Graphics P630,True,0.0,,wikidata_no_qid
CPU,Intel,Xeon E-2278G,8,3400000000,5000000000.0,80,Intel HD Graphics P630,True,0.0,,wikidata_no_qid
CPU,Intel,Xeon E-2286G,6,4000000000,4900000000.0,95,Intel HD Graphics P630,True,0.0,,wikidata_no_qid
CPU,Intel,Xeon E-2288G,8,3700000000,5000000000.0,95,Intel HD Graphics P630,True,0.0,,wikidata_no_qid
CPU,Intel,Xeon E3-1220,4,3100000000,,80,,False,179.97,,wikidata_no_qid
CPU,Intel,Xeon E3-1220 V2,4,3100000000,,69,,False,0.0,,wikidata_no_qid
CPU,Intel,Xeon E3-1220 V3,4,3100000000,3500000000.0,80,,False,0.0,,wikidata_no_qid
CPU,Intel,Xeon E3-1220 V5,4,3000000000,3500000000.0,80,,False,239.0,,wikidata_no_qid
CPU,Intel,Xeon E3-1220 V5,4,3000000000,3500000000.0,80,,False,592.0,,wikidata_no_qid
CPU,Intel,Xeon E3-1220 V6,4,3000000000,3500000000.0,72,,False,227.5,,wikidata_no_qid
CPU,Intel,Xeon E3-1220 V6,4,3000000000,3500000000.0,72,,False,214.95,,wikidata_no_qid
CPU,Intel,Xeon E3-1225,4,3100000000,,95,Intel HD Graphics,False,0.0,,wikidata_no_qid
CPU,Intel,Xeon E3-1225 V2,4,3200000000,,77,Intel HD Graphics P4000,False,247.5,,wikidata_no_qid
CPU,Intel,Xeon E3-1225 V3,4,3200000000,3600000000.0,84,Intel HD Graphics P4600,False,0.0,,wikidata_no_qid
CPU,Intel,Xeon E3-1225 V5,4,3300000000,3700000000.0,80,Intel HD Graphics P530,False,0.0,,wikidata_no_qid
CPU,Intel,Xeon E3-1225 V5,4,3300000000,3700000000.0,80,Intel HD Graphics P530,False,249.99,,wikidata_no_qid
CPU,Intel,Xeon E3-1225 V6,4,3300000000,3700000000.0,73,Intel HD Graphics P630,False,232.45,,wikidata_no_qid
CPU,Intel,Xeon E3-1225 V6,4,3300000000,3700000000.0,73,Intel HD Graphics P630,False,489.95,,wikidata_no_qid
CPU,Intel,Xeon E3-1226 V3,4,3300000000,3700000000.0,84,Intel HD Graphics P4600,False,0.0,,wikidata_no_qid
CPU,Intel,Xeon E3-1230,4,3200000000,,80,,True,417.95,,wikidata_no_qid
CPU,Intel,Xeon E3-1230 V2,4,3300000000,,69,,True,349.95,,wikidata_no_qid
CPU,Intel,Xeon E3-1230 V2,4,3300000000,,69,,True,404.35,,wikidata_no_qid
CPU,Intel,Xeon E3-1230 V3,4,3300000000,3700000000.0,80,,True,517.5,,wikidata_no_qid
CPU,Intel,Xeon E3-1230 V3,4,3300000000,3700000000.0,80,,True,0.0,,wikidata_no_qid
CPU,Intel,Xeon E3-1230 V5,4,3400000000,3800000000.0,80,,True,499.95,,wikidata_no_qid
CPU,Intel,Xeon E3-1230 V6,4,3500000000,3900000000.0,72,,True,284.55,,wikidata_no_qid
CPU,Intel,Xeon E3-1230 V6,4,3500000000,3900000000.0,72,,True,269.99,,wikidata_no_qid
CPU,Intel,Xeon E3-1231 V3,4,3400000000,3800000000.0,80,,True,505.29,,wikidata_no_qid
CPU,Intel,Xeon E3-1235,4,3200000000,,95,Intel HD Graphics,True,234.0,,wikidata_no_qid
CPU,Intel,Xeon E3-1235L V5,4,2000000000,3000000000.0,25,Intel HD Graphics P530,False,0.0,,wikidata_no_qid
CPU,Intel,Xeon E3-1240,4,3300000000,,80,,True,572.59,,wikidata_no_qid
CPU,Intel,Xeon E3-1240 V2,4,3400000000,,69,,True,345.0,,wikidata_no_qid
CPU,Intel,Xeon E3-1240 V3,4,3400000000,3800000000.0,80,,True,0.0,,wikidata_no_qid
CPU,Intel,Xeon E3-1240 V5,4,3500000000,3900000000.0,80,,True,0.0,,wikidata_no_qid
CPU,Intel,Xeon E3-1240 V5,4,3500000000,3900000000.0,80,,True,335.48,,wikidata_no_qid
CPU,Intel,Xeon E3-1240 V6,4,3700000000,4099999999.0,72,,True,498.95,,wikidata_no_qid
CPU,Intel,Xeon E3-1240 V6,4,3700000000,4099999999.0,72,,True,296.51,,wikidata_no_qid
CPU,Intel,Xeon E3-1240L V5,4,2100000000,3200000000.0,25,,True,0.0,,wikidata_no_qid
CPU,Intel,Xeon E3-1241 V3,4,3500000000,3900000000.0,80,,True,0.0,,wikidata_no_qid
CPU,Intel,Xeon E3-1245,4,3300000000,,95,Intel HD Graphics,True,245.0,,wikidata_no_qid
CPU,Intel,Xeon E3-1245 V2,4,3400000000,,77,Intel HD Graphics P4000,True,367.5,,wikidata_no_qid
CPU,Intel,Xeon E3-1245 V3,4,3400000000,3800000000.0,84,Intel HD Graphics P4600,True,0.0,,wikidata_no_qid
CPU,Intel,Xeon E3-1245 V5,4,3500000000,3900000000.0,80,Intel HD Graphics P530,True,897.0,,wikidata_no_qid
CPU,Intel,Xeon E3-1245 V5,4,3500000000,3900000000.0,80,Intel HD Graphics P530,True,0.0,,wikidata_no_qid
CPU,Intel,Xeon E3-1245 V6,4,3700000000,4099999999.0,73,Intel HD Graphics P630,True,309.99,,wikidata_no_qid
CPU,Intel,Xeon E3-1245 V6,4,3700000000,4099999999.0,73,Intel HD Graphics P630,True,0.0,,wikidata_no_qid
CPU,Intel,Xeon E3-1246 V3,4,3500000000,3900000000.0,84,Intel HD Graphics P4600,True,0.0,,wikidata_no_qid
CPU,Intel,Xeon E3-1260L V5,4,2900000000,3900000000.0,45,,True,0.0,,wikidata_no_qid
CPU,Intel,Xeon E3-1265L V2,4,2500000000,,45,Intel HD Graphics 2500,True,0.0,,wikidata_no_qid
CPU,Intel,Xeon E3-1265L V3,4,2500000000,3700000000.0,45,Intel HD Graphics,True,0.0,,wikidata_no_qid
CPU,Intel,Xeon E3-1270,4,3400000000,,80,,True,0.0,,wikidata_no_qid
CPU,Intel,Xeon E3-1270 V2,4,3500000000,,69,,True,0.0,,wikidata_no_qid
CPU,Intel,Xeon E3-1270 V3,4,3500000000,3900000000.0,80,,True,585.0,,wikidata_no_qid
CPU,Intel,Xeon E3-1270 V3,4,3500000000,3900000000.0,80,,True,0.0,,wikidata_no_qid
CPU,Intel,Xeon E3-1270 V5,4,3600000000,4000000000.0,80,,True,0.0,,wikidata_no_qid
CPU,Intel,Xeon E3-1270 V6,4,3800000000,4200000000.0,72,,True,339.99,,wikidata_no_qid
CPU,Intel,Xeon E3-1270 V6,4,3800000000,4200000000.0,72,,True,453.01,,wikidata_no_qid
CPU,Intel,Xeon E3-1271 V3,4,3600000000,4000000000.0,80,,True,0.0,,wikidata_no_qid
CPU,Intel,Xeon E3-1275,4,3400000000,,95,Intel HD Graphics,True,0.0,,wikidata_no_qid
CPU,Intel,Xeon E3-1275 V2,4,3500000000,,77,Intel HD Graphics P4000,True,0.0,,wikidata_no_qid
CPU,Intel,Xeon E3-1275 V3,4,3500000000,3900000000.0,84,Intel HD Graphics P4600,True,0.0,,wikidata_no_qid
CPU,Intel,Xeon E3-1275 V5,4,3600000000,4000000000.0,80,Intel HD Graphics P530,True,0.0,,wikidata_no_qid
CPU,Intel,Xeon E3-1275 V6,4,3800000000,4200000000.0,73,Intel HD Graphics P630,True,362.59,,wikidata_no_qid
CPU,Intel,Xeon E3-1275 V6,4,3800000000,4200000000.0,73,Intel HD Graphics P630,True,359.36,,wikidata_no_qid
CPU,Intel,Xeon E3-1276 V3,4,3600000000,4000000000.0,84,Intel HD Graphics P4600,True,0.0,,wikidata_no_qid
CPU,Intel,Xeon E3-1280,4,3500000000,,95,,True,616.26,,wikidata_no_qid
CPU,Intel,Xeon E3-1280,4,3500000000,,95,,True,0.0,,wikidata_no_qid
CPU,Intel,Xeon E3-1280 V5,4,3700000000,4000000000.0,80,,True,0.0,,wikidata_no_qid
CPU,Intel,Xeon E3-1280 V6,4,3900000000,4200000000.0,72,,True,444.81,,wikidata_no_qid
CPU,Intel,Xeon E3-1285 V6,4,4099999999,4500000000.0,79,Intel HD Graphics 630,True,516.26,,wikidata_no_qid
CPU,Intel,Xeon E5-1620,4,3600000000,3800000000.0,130,,True,0.0,,wikidata_no_qid
CPU,Intel,Xeon E5-1620 V2,4,3700000000,3900000000.0,130,,True,0.0,,wikidata_no_qid
CPU,Intel,Xeon E5-1620 V3,4,3500000000,3600000000.0,140,,True,499.95,,wikidata_no_qid
CPU,Intel,Xeon E5-1620 V3,4,3500000000,3600000000.0,140,,True,0.0,,wikidata_no_qid
CPU,Intel,Xeon E5-1620 V4,4,3500000000,3800000000.0,140,,True,775.0,,wikidata_no_qid
CPU,Intel,Xeon E5-1620 V4,4,3500000000,3800000000.0,140,,True,469.95,,wikidata_no_qid
CPU,Intel,Xeon E5-1630 V3,4,3700000000,3800000000.0,140,,True,0.0,,wikidata_no_qid
CPU,Intel,Xeon E5-1630 V4,4,3700000000,4000000000.0,140,,True,505.44,,wikidata_no_qid
CPU,Intel,Xeon E5-1650,6,3200000000,3800000000.0,130,,True,0.0,,wikidata_no_qid
CPU,Intel,Xeon E5-1650 V2,6,3500000000,3900000000.0,130,,True,634.95,,wikidata_no_qid
CPU,Intel,Xeon E5-1650 V3,6,3500000000,3800000000.0,140,,True,0.0,,wikidata_no_qid
CPU,Intel,Xeon E5-1650 V4,6,3600000000,4000000000.0,140,,True,0.0,,wikidata_no_qid
CPU,Intel,Xeon E5-1660,6,3300000000,3900000000.0,130,,True,0.0,,wikidata_no_qid
CPU,Intel,Xeon E5-1660 V2,6,3700000000,4000000000.0,130,,True,1798.95,,wikidata_no_qid
CPU,Intel,Xeon E5-1660 V2,6,3700000000,4000000000.0,130,,True,0.0,,wikidata_no_qid
CPU,Intel,Xeon E5-1660 V3,8,3000000000,3500000000.0,140,,True,404.44,,wikidata_no_qid
CPU,Intel,Xeon E5-1680 V3,8,3200000000,3800000000.0,140,,True,0.0,,wikidata_no_qid
CPU,Intel,Xeon E5-2420V2,6,2200000000,2700000000.0,80,,True,0.0,,wikidata_no_qid
CPU,Intel,Xeon E5-2430V2,6,2500000000,3000000000.0,80,,True,0.0,,wikidata_no_qid
CPU,Intel,Xeon E5-2440V2,8,1900000000,2400000000.0,95,,True,0.0,,wikidata_no_qid
CPU,Intel,Xeon E5-2450V2,8,2500000000,3300000000.0,95,,True,0.0,,wikidata_no_qid
CPU,Intel,Xeon E5-2470V2,10,2400000000,3200000000.0,95,,True,1553.5,,wikidata_no_qid
CPU,Intel,Xeon E5-2603,4,1800000000,,80,,False,79.98,,wikidata_no_qid
CPU,Intel,Xeon E5-2603 V2,4,1800000000,,80,,False,0.0,,wikidata_no_qid
CPU,Intel,Xeon E5-2603 V2,4,1800000000,,80,,False,253.02,,wikidata_no_qid
CPU,Intel,Xeon E5-2603 V3,6,1600000000,,85,,False,239.98,,wikidata_no_qid
CPU,Intel,Xeon E5-2603 V3,6,1600000000,,85,,False,0.0,,wikidata_no_qid
CPU,Intel,Xeon E5-2603 V4,6,1700000000,,85,,False,254.95,,wikidata_no_qid
CPU,Intel,Xeon E5-2609,4,2400000000,,80,,False,94.07,,wikidata_no_qid
CPU,Intel,Xeon E5-2609,4,2400000000,,80,,False,0.0,,wikidata_no_qid
CPU,Intel,Xeon E5-2609 V2,4,2500000000,,80,,False,0.0,,wikidata_no_qid
CPU,Intel,Xeon E5-2609 V3,6,1900000000,,85,,False,0.0,,wikidata_no_qid
CPU,Intel,Xeon E5-2609 V3,6,1900000000,,85,,False,879.0,,wikidata_no_qid
CPU,Intel,Xeon E5-2609 V4,8,1700000000,,85,,False,892.0,,wikidata_no_qid
CPU,Intel,Xeon E5-2620,6,2000000000,,95,,True,139.94,,wikidata_no_qid
CPU,Intel,Xeon E5-2620,6,2000000000,,95,,True,391.59,,wikidata_no_qid
CPU,Intel,Xeon E5-2620,6,2000000000,,95,,True,283.73,,wikidata_no_qid
CPU,Intel,Xeon E5-2620 V2,6,2100000000,2600000000.0,80,,True,0.0,,wikidata_no_qid
CPU,Intel,Xeon E5-2620 V3,6,2400000000,3200000000.0,85,,True,487.95,,wikidata_no_qid
CPU,Intel,Xeon E5-2620 V3,6,2400000000,3200000000.0,85,,True,68.94,,wikidata_no_qid
CPU,Intel,Xeon E5-2620 V4,8,2100000000,3000000000.0,85,,True,409.99,,wikidata_no_qid
CPU,Intel,Xeon E5-2622 V3,8,2400000000,,85,,True,0.0,,wikidata_no_qid
CPU,Intel,Xeon E5-2623 V3,4,3000000000,3500000000.0,105,,True,0.0,,wikidata_no_qid
CPU,Intel,Xeon E5-2630,6,2300000000,,95,,True,0.0,,wikidata_no_qid
CPU,Intel,Xeon E5-2630,6,2300000000,,95,,True,202.12,,wikidata_no_qid
CPU,Intel,Xeon E5-2630 V2,6,2600000000,3100000000.0,80,,True,0.0,,wikidata_no_qid
CPU,Intel,Xeon E5-2630 V3,8,2400000000,3200000000.0,85,,True,675.0,,wikidata_no_qid
CPU,Intel,Xeon E5-2630 V3,8,2400000000,3200000000.0,85,,True,0.0,,wikidata_no_qid
CPU,Intel,Xeon E5-2630 V4,10,2200000000,3100000000.0,85,,True,479.0,,wikidata_no_qid
CPU,Intel,Xeon E5-2630L V2,6,2400000000,,60,,True,0.0,,wikidata_no_qid
CPU,Intel,Xeon E5-2630L V3,8,1800000000,2900000000.0,55,,True,0.0,,wikidata_no_qid
CPU,Intel,Xeon E5-2637 V2,4,3500000000,3800000000.0,130,,True,0.0,,wikidata_no_qid
CPU,Intel,Xeon E5-2637 V3,4,3500000000,3700000000.0,135,,True,0.0,,wikidata_no_qid
CPU,Intel,Xeon E5-2640,6,2500000000,3000000000.0,95,,True,149.94,,wikidata_no_qid
CPU,Intel,Xeon E5-2640 V2,8,2000000000,2500000000.0,95,,True,179.95,,wikidata_no_qid
CPU,Intel,Xeon E5-2640 V3,8,2600000000,3400000000.0,90,,True,1224.57,,wikidata_no_qid
CPU,Intel,Xeon E5-2640 V3,8,2600000000,3400000000.0,90,,True,280.88,,wikidata_no_qid
CPU,Intel,Xeon E5-2640 V4,10,2400000000,3400000000.0,90,,True,1004.06,,wikidata_no_qid
CPU,Intel,Xeon E5-2643 V2,6,3500000000,3800000000.0,130,,True,230.57,,wikidata_no_qid
CPU,Intel,Xeon E5-2643 V3,6,3400000000,3700000000.0,135,,True,1295.0,,wikidata_no_qid
CPU,Intel,Xeon E5-2643 V4,6,3400000000,3700000000.0,135,,True,1125.0,,wikidata_no_qid
CPU,Intel,Xeon E5-2650,8,2000000000,2800000000.0,95,,True,57.0,,wikidata_no_qid
CPU,Intel,Xeon E5-2650 V2,8,2600000000,3400000000.0,95,,True,150.0,,wikidata_no_qid
CPU,Intel,Xeon E5-2650 V3,10,2300000000,3000000000.0,105,,True,0.0,,wikidata_no_qid
CPU,Intel,Xeon E5-2650 V4,12,2200000000,2900000000.0,105,,True,993.33,,wikidata_no_qid
CPU,Intel,Xeon E5-2650L,8,1800000000,2300000000.0,70,,True,297.95,,wikidata_no_qid
CPU,Intel,Xeon E5-2650L V2,10,1700000000,2100000000.0,70,,True,289.05,,wikidata_no_qid
CPU,Intel,Xeon E5-2650L V3,12,1800000000,2500000000.0,65,,True,0.0,,wikidata_no_qid
CPU,Intel,Xeon E5-2650L V4,14,1700000000,2500000000.0,65,,True,651.14,,wikidata_no_qid
CPU,Intel,Xeon E5-2658 V3,12,2200000000,2900000000.0,105,,True,0.0,,wikidata_no_qid
CPU,Intel,Xeon E5-2660,8,2200000000,3000000000.0,95,,True,0.0,,wikidata_no_socket
CPU,Intel,Xeon E5-2660 V2,10,2200000000,3000000000.0,95,,True,0.0,,wikidata_no_qid
CPU,Intel,Xeon E5-2660 V3,10,2600000000,3300000000.0,105,,True,0.0,,wikidata_no_qid
CPU,Intel,Xeon E5-2660 V3,10,2600000000,3300000000.0,105,,True,350.0,,wikidata_no_qid
CPU,Intel,Xeon E5-2660 V4,14,2000000000,3200000000.0,105,,True,1470.06,,wikidata_no_qid
CPU,Intel,Xeon E5-2665,8,2400000000,3100000000.0,115,,True,449.95,,wikidata_no_qid
CPU,Intel,Xeon E5-2665,8,2400000000,3100000000.0,115,,True,0.0,,wikidata_no_qid
CPU,Intel,Xeon E5-2667 V2,8,3300000000,4000000000.0,130,,True,0.0,,wikidata_no_qid
CPU,Intel,Xeon E5-2667 V3,8,3200000000,3600000000.0,135,,True,772.96,,wikidata_no_qid
CPU,Intel,Xeon E5-2670,8,2600000000,3300000000.0,115,,True,0.0,,wikidata_no_qid
CPU,Intel,Xeon E5-2670 V2,10,2500000000,3300000000.0,115,,True,1527.5,,wikidata_no_qid
CPU,Intel,Xeon E5-2670 V3,12,2300000000,3100000000.0,120,,True,0.0,,wikidata_no_qid
CPU,Intel,Xeon E5-2680,8,2700000000,3500000000.0,130,,True,125.64,,wikidata_no_socket
CPU,Intel,Xeon E5-2680 V2,10,2800000000,3600000000.0,115,,True,0.0,,wikidata_no_qid
CPU,Intel,Xeon E5-2680 V3,12,2500000000,3300000000.0,120,,True,0.0,,wikidata_no_qid
CPU,Intel,Xeon E5-2680 V4,14,2400000000,3300000000.0,120,,True,1999.95,,wikidata_no_qid
CPU,Intel,Xeon E5-2683 V3,14,2000000000,3000000000.0,120,,True,0.0,,wikidata_no_qid
CPU,Intel,Xeon E5-2683 V4,16,2100000000,3000000000.0,120,,True,0.0,,wikidata_no_qid
CPU,Intel,Xeon E5-2683 V4,16,2100000000,3000000000.0,120,,True,1969.95,,wikidata_no_qid
CPU,Intel,Xeon E5-2685 V3,12,2600000000,3300000000.0,120,,True,2399.0,,wikidata_no_qid
CPU,Intel,Xeon E5-2687W,8,3100000000,3800000000.0,150,,True,0.0,,wikidata_no_qid
CPU,Intel,Xeon E5-2687W,8,3100000000,3800000000.0,150,,True,559.95,,wikidata_no_qid
CPU,Intel,Xeon E5-2687W V2,8,3400000000,4000000000.0,150,,True,0.0,,wikidata_no_qid
CPU,Intel,Xeon E5-2687W V3,10,3100000000,3500000000.0,160,,True,2998.95,,wikidata_no_qid
CPU,Intel,Xeon E5-2687W V4,12,3000000000,3500000000.0,160,,True,2211.14,,wikidata_no_qid
CPU,Intel,Xeon E5-2690,8,2900000000,3800000000.0,135,,True,0.0,,wikidata_no_qid
CPU,Intel,Xeon E5-2690 V2,10,3000000000,3600000000.0,130,,True,2147.0,,wikidata_no_qid
CPU,Intel,Xeon E5-2690 V3,12,2600000000,3500000000.0,135,,True,499.99,,wikidata_no_qid
CPU,Intel,Xeon E5-2690 V4,14,2600000000,3500000000.0,135,,True,6658.0,,wikidata_no_qid
CPU,Intel,Xeon E5-2695 V2,12,2400000000,3200000000.0,115,,True,689.0,,wikidata_no_qid
CPU,Intel,Xeon E5-2695 V3,14,2300000000,3300000000.0,120,,True,1999.99,,wikidata_no_qid
CPU,Intel,Xeon E5-2695 V3,14,2300000000,3300000000.0,120,,True,2451.42,,wikidata_no_qid
CPU,Intel,Xeon E5-2695 V4,18,2100000000,3300000000.0,120,,True,0.0,,wikidata_no_qid
CPU,Intel,Xeon E5-2697 V2,12,2700000000,3500000000.0,130,,True,1995.09,,wikidata_no_qid
CPU,Intel,Xeon E5-2697 V3,14,2600000000,3600000000.0,145,,True,0.0,,wikidata_no_qid
CPU,Intel,Xeon E5-2697 V4,18,2300000000,3600000000.0,145,,True,3162.13,,wikidata_no_qid
CPU,Intel,Xeon E5-2698 V3,16,2300000000,3600000000.0,135,,True,3411.44,,wikidata_no_qid
CPU,Intel,Xeon E5-2698 V4,20,2200000000,3600000000.0,135,,True,0.0,,wikidata_no_qid
CPU,Intel,Xeon E5-2699 V3,18,2300000000,3600000000.0,145,,True,3089.95,,wikidata_no_qid
CPU,Intel,Xeon E5-2699 V4,22,2200000000,3600000000.0,145,,True,1519.93,,wikidata_no_qid
CPU,Intel,Xeon E5-4620,8,2200000000,2600000000.0,95,,True,1599.99,,wikidata_no_qid
CPU,Intel,Xeon E5-4650,8,2700000000,3300000000.0,130,,True,948.89,,wikidata_no_qid
